date,price_amzn,price_sp500
11/01/2012,11.61,"1,427.59"
11/02/2012,11.62,"1,414.20"
11/05/2012,11.72,"1,417.26"
11/06/2012,11.88,"1,428.39"
11/07/2012,11.6,"1,394.53"
11/08/2012,11.37,"1,377.51"
11/09/2012,11.32,"1,379.85"
11/12/2012,11.32,"1,380.03"
11/13/2012,11.33,"1,374.53"
11/14/2012,11.15,"1,355.49"
11/15/2012,11.03,"1,353.33"
11/16/2012,11.26,"1,359.88"
11/19/2012,11.49,"1,386.89"
11/20/2012,11.69,"1,387.81"
11/21/2012,11.9,"1,391.03"
11/23/2012,11.99,"1,409.15"
11/26/2012,12.18,"1,406.29"
11/27/2012,12.17,"1,398.94"
11/28/2012,12.36,"1,409.93"
11/29/2012,12.56,"1,415.95"
11/30/2012,12.6,"1,416.18"
12/03/2012,12.52,"1,409.46"
12/04/2012,12.62,"1,407.05"
12/05/2012,12.7,"1,409.28"
12/06/2012,12.67,"1,413.94"
12/07/2012,12.66,"1,418.07"
12/10/2012,12.39,"1,418.55"
12/11/2012,12.53,"1,427.84"
12/12/2012,12.59,"1,428.48"
12/13/2012,12.56,"1,419.45"
12/14/2012,12.46,"1,413.58"
12/17/2012,12.69,"1,430.36"
12/18/2012,13.02,"1,446.79"
12/19/2012,12.9,"1,435.81"
12/20/2012,13.07,"1,443.69"
12/21/2012,12.85,"1,430.15"
12/24/2012,12.93,"1,426.66"
12/26/2012,12.43,"1,419.83"
12/27/2012,12.42,"1,418.10"
12/28/2012,12.26,"1,402.43"
12/31/2012,12.54,"1,426.19"
01/02/2013,12.87,"1,462.42"
01/03/2013,12.92,"1,459.37"
01/04/2013,12.96,"1,466.47"
01/07/2013,13.42,"1,461.89"
01/08/2013,13.32,"1,457.15"
01/09/2013,13.32,"1,461.02"
01/10/2013,13.27,"1,472.12"
01/11/2013,13.4,"1,472.05"
01/14/2013,13.64,"1,470.68"
01/15/2013,13.6,"1,472.34"
01/16/2013,13.45,"1,472.63"
01/17/2013,13.52,"1,480.94"
01/18/2013,13.61,"1,485.98"
01/22/2013,13.51,"1,492.56"
01/23/2013,13.41,"1,494.81"
01/24/2013,13.68,"1,494.82"
01/25/2013,14.2,"1,502.96"
01/28/2013,13.8,"1,500.18"
01/29/2013,13.02,"1,507.84"
01/30/2013,13.64,"1,501.96"
01/31/2013,13.28,"1,498.11"
02/01/2013,13.25,"1,513.17"
02/04/2013,13,"1,495.71"
02/05/2013,13.34,"1,511.29"
02/06/2013,13.11,"1,512.12"
02/07/2013,13.01,"1,509.39"
02/08/2013,13.1,"1,517.93"
02/11/2013,12.86,"1,517.01"
02/12/2013,12.94,"1,519.43"
02/13/2013,13.47,"1,520.33"
02/14/2013,13.46,"1,521.38"
02/15/2013,13.25,"1,519.79"
02/19/2013,13.49,"1,530.94"
02/20/2013,13.32,"1,511.95"
02/21/2013,13.3,"1,502.42"
02/22/2013,13.27,"1,515.60"
02/25/2013,12.99,"1,487.85"
02/26/2013,12.97,"1,496.94"
02/27/2013,13.16,"1,515.99"
02/28/2013,13.21,"1,514.68"
03/01/2013,13.29,"1,518.20"
03/04/2013,13.66,"1,525.20"
03/05/2013,13.78,"1,539.79"
03/06/2013,13.69,"1,541.46"
03/07/2013,13.69,"1,544.26"
03/08/2013,13.71,"1,551.18"
03/11/2013,13.56,"1,556.22"
03/12/2013,13.71,"1,552.48"
03/13/2013,13.76,"1,554.52"
03/14/2013,13.29,"1,563.23"
03/15/2013,13.09,"1,560.70"
03/18/2013,12.89,"1,552.10"
03/19/2013,12.82,"1,548.34"
03/20/2013,12.86,"1,558.71"
03/21/2013,12.67,"1,545.80"
03/22/2013,12.89,"1,556.89"
03/25/2013,12.8,"1,551.69"
03/26/2013,13.02,"1,563.77"
03/27/2013,13.27,"1,562.85"
03/28/2013,13.32,"1,569.19"
04/01/2013,13.08,"1,562.17"
04/02/2013,13.17,"1,570.25"
04/03/2013,12.95,"1,553.69"
04/04/2013,12.95,"1,559.98"
04/05/2013,12.77,"1,553.28"
04/08/2013,12.95,"1,563.07"
04/09/2013,13.06,"1,568.61"
04/10/2013,13.24,"1,587.73"
04/11/2013,13.49,"1,593.37"
04/12/2013,13.64,"1,588.85"
04/15/2013,13.39,"1,552.36"
04/16/2013,13.62,"1,574.57"
04/17/2013,13.37,"1,552.01"
04/18/2013,12.97,"1,541.61"
04/19/2013,13.02,"1,555.25"
04/22/2013,13.18,"1,562.50"
04/23/2013,13.45,"1,578.78"
04/24/2013,13.44,"1,578.79"
04/25/2013,13.73,"1,585.16"
04/26/2013,12.74,"1,582.24"
04/29/2013,12.49,"1,593.61"
04/30/2013,12.69,"1,597.57"
05/01/2013,12.41,"1,582.70"
05/02/2013,12.63,"1,597.59"
05/03/2013,12.9,"1,614.42"
05/06/2013,12.79,"1,617.50"
05/07/2013,12.89,"1,625.96"
05/08/2013,12.93,"1,632.69"
05/09/2013,13.01,"1,626.67"
05/10/2013,13.18,"1,633.70"
05/13/2013,13.23,"1,633.77"
05/14/2013,13.42,"1,650.34"
05/15/2013,13.33,"1,658.78"
05/16/2013,13.21,"1,650.47"
05/17/2013,13.49,"1,667.47"
05/20/2013,13.38,"1,666.29"
05/21/2013,13.44,"1,669.16"
05/22/2013,13.15,"1,655.35"
05/23/2013,13.09,"1,650.51"
05/24/2013,13.09,"1,649.60"
05/28/2013,13.36,"1,660.06"
05/29/2013,13.28,"1,648.36"
05/30/2013,13.34,"1,654.41"
05/31/2013,13.46,"1,630.74"
06/03/2013,13.34,"1,640.42"
06/04/2013,13.29,"1,631.38"
06/05/2013,13.36,"1,608.90"
06/06/2013,13.39,"1,622.56"
06/07/2013,13.84,"1,643.38"
06/10/2013,14.05,"1,642.81"
06/11/2013,13.74,"1,626.13"
06/12/2013,13.58,"1,612.52"
06/13/2013,13.79,"1,636.36"
06/14/2013,13.7,"1,626.73"
06/17/2013,13.9,"1,639.04"
06/18/2013,14.09,"1,651.81"
06/19/2013,13.91,"1,628.93"
06/20/2013,13.67,"1,588.19"
06/21/2013,13.67,"1,592.43"
06/24/2013,13.53,"1,573.09"
06/25/2013,13.6,"1,588.03"
06/26/2013,13.88,"1,603.26"
06/27/2013,13.88,"1,613.20"
06/28/2013,13.88,"1,606.28"
07/01/2013,14.11,"1,614.96"
07/02/2013,14.19,"1,614.08"
07/03/2013,14.2,"1,615.41"
07/05/2013,14.29,"1,631.89"
07/08/2013,14.53,"1,640.46"
07/09/2013,14.58,"1,652.32"
07/10/2013,14.62,"1,652.62"
07/11/2013,14.98,"1,675.02"
07/12/2013,15.38,"1,680.19"
07/15/2013,15.33,"1,682.50"
07/16/2013,15.34,"1,676.26"
07/17/2013,15.43,"1,680.91"
07/18/2013,15.21,"1,689.37"
07/19/2013,15.26,"1,692.09"
07/22/2013,15.17,"1,695.53"
07/23/2013,15.05,"1,692.39"
07/24/2013,14.95,"1,685.94"
07/25/2013,15.17,"1,690.25"
07/26/2013,15.6,"1,691.65"
07/29/2013,15.3,"1,685.33"
07/30/2013,15.12,"1,685.96"
07/31/2013,15.06,"1,685.73"
08/01/2013,15.28,"1,706.87"
08/02/2013,15.21,"1,709.67"
08/05/2013,15.05,"1,707.14"
08/06/2013,15.04,"1,697.37"
08/07/2013,14.85,"1,690.91"
08/08/2013,14.79,"1,697.48"
08/09/2013,14.86,"1,691.42"
08/12/2013,14.83,"1,689.47"
08/13/2013,14.7,"1,694.16"
08/14/2013,14.57,"1,685.39"
08/15/2013,14.32,"1,661.32"
08/16/2013,14.24,"1,655.83"
08/19/2013,14.28,"1,646.06"
08/20/2013,14.35,"1,652.35"
08/21/2013,14.23,"1,642.80"
08/22/2013,14.49,"1,656.96"
08/23/2013,14.5,"1,663.50"
08/26/2013,14.31,"1,656.78"
08/27/2013,14.05,"1,630.48"
08/28/2013,14.08,"1,634.96"
08/29/2013,14.2,"1,638.17"
08/30/2013,14.05,"1,632.97"
09/03/2013,14.44,"1,639.77"
09/04/2013,14.68,"1,653.08"
09/05/2013,14.71,"1,655.08"
09/06/2013,14.79,"1,655.17"
09/09/2013,14.99,"1,671.71"
09/10/2013,15.02,"1,683.99"
09/11/2013,14.98,"1,689.13"
09/12/2013,14.94,"1,683.42"
09/13/2013,14.9,"1,687.99"
09/16/2013,14.8,"1,697.60"
09/17/2013,15.21,"1,704.76"
09/18/2013,15.6,"1,725.52"
09/19/2013,15.6,"1,722.34"
09/20/2013,15.82,"1,709.91"
09/23/2013,15.57,"1,701.84"
09/24/2013,15.71,"1,697.42"
09/25/2013,15.63,"1,692.77"
09/26/2013,15.91,"1,698.67"
09/27/2013,15.8,"1,691.75"
09/30/2013,15.63,"1,681.55"
10/01/2013,16.05,"1,695.00"
10/02/2013,16.03,"1,693.87"
10/03/2013,15.74,"1,678.66"
10/04/2013,15.95,"1,690.50"
10/07/2013,15.5,"1,676.12"
10/08/2013,15.16,"1,655.45"
10/09/2013,14.91,"1,656.40"
10/10/2013,15.26,"1,692.56"
10/11/2013,15.54,"1,703.20"
10/14/2013,15.54,"1,710.14"
10/15/2013,15.32,"1,698.06"
10/16/2013,15.52,"1,721.54"
10/17/2013,15.54,"1,733.15"
10/18/2013,16.45,"1,744.50"
10/21/2013,16.32,"1,744.66"
10/22/2013,16.63,"1,754.67"
10/23/2013,16.34,"1,746.38"
10/24/2013,16.61,"1,752.07"
10/25/2013,18.17,"1,759.77"
10/28/2013,17.91,"1,762.11"
10/29/2013,18.14,"1,771.95"
10/30/2013,18.05,"1,763.31"
10/31/2013,18.2,"1,756.54"
11/01/2013,17.95,"1,761.64"
11/04/2013,17.94,"1,767.93"
11/05/2013,17.94,"1,762.97"
11/06/2013,17.81,"1,770.49"
11/07/2013,17.18,"1,747.15"
11/08/2013,17.52,"1,770.61"
11/11/2013,17.72,"1,771.89"
11/12/2013,17.48,"1,767.69"
11/13/2013,17.81,"1,782.00"
11/14/2013,18.37,"1,790.62"
11/15/2013,18.46,"1,798.18"
11/18/2013,18.31,"1,791.53"
11/19/2013,18.25,"1,787.87"
11/20/2013,18.13,"1,781.37"
11/21/2013,18.45,"1,795.85"
11/22/2013,18.62,"1,804.76"
11/25/2013,18.83,"1,802.48"
11/26/2013,19.07,"1,802.75"
11/27/2013,19.34,"1,807.23"
11/29/2013,19.68,"1,805.81"
12/02/2013,19.61,"1,800.90"
12/03/2013,19.23,"1,795.15"
12/04/2013,19.3,"1,792.81"
12/05/2013,19.22,"1,785.03"
12/06/2013,19.35,"1,805.09"
12/09/2013,19.24,"1,808.37"
12/10/2013,19.39,"1,802.62"
12/11/2013,19.11,"1,782.22"
12/12/2013,19.06,"1,775.50"
12/13/2013,19.21,"1,775.32"
12/16/2013,19.45,"1,786.54"
12/17/2013,19.38,"1,781.00"
12/18/2013,19.8,"1,810.65"
12/19/2013,19.76,"1,809.60"
12/20/2013,20.11,"1,818.32"
12/23/2013,20.15,"1,827.99"
12/24/2013,19.96,"1,833.32"
12/26/2013,20.22,"1,842.02"
12/27/2013,19.9,"1,841.40"
12/30/2013,19.67,"1,841.07"
12/31/2013,19.94,"1,848.36"
01/02/2014,19.9,"1,831.98"
01/03/2014,19.82,"1,831.37"
01/06/2014,19.68,"1,826.77"
01/07/2014,19.9,"1,837.88"
01/08/2014,20.1,"1,837.49"
01/09/2014,20.05,"1,838.13"
01/10/2014,19.88,"1,842.37"
01/13/2014,19.55,"1,819.20"
01/14/2014,19.88,"1,838.88"
01/15/2014,19.79,"1,848.38"
01/16/2014,19.79,"1,845.89"
01/17/2014,19.98,"1,838.70"
01/21/2014,20.35,"1,843.80"
01/22/2014,20.23,"1,844.86"
01/23/2014,19.99,"1,828.46"
01/24/2014,19.38,"1,790.29"
01/27/2014,19.31,"1,781.56"
01/28/2014,19.72,"1,792.50"
01/29/2014,19.21,"1,774.20"
01/30/2014,20.15,"1,794.19"
01/31/2014,17.93,"1,782.59"
02/03/2014,17.31,"1,741.89"
02/04/2014,17.4,"1,755.20"
02/05/2014,17.32,"1,751.64"
02/06/2014,17.73,"1,773.43"
02/07/2014,18.05,"1,797.02"
02/10/2014,18.04,"1,799.84"
02/11/2014,18.09,"1,819.75"
02/12/2014,17.46,"1,819.26"
02/13/2014,17.86,"1,829.83"
02/14/2014,17.87,"1,838.63"
02/18/2014,17.68,"1,840.76"
02/19/2014,17.37,"1,828.75"
02/20/2014,17.49,"1,839.78"
02/21/2014,17.34,"1,836.25"
02/24/2014,17.59,"1,847.61"
02/25/2014,17.92,"1,845.12"
02/26/2014,17.99,"1,845.16"
02/27/2014,18.01,"1,854.29"
02/28/2014,18.11,"1,859.45"
03/03/2014,17.99,"1,845.73"
03/04/2014,18.2,"1,873.91"
03/05/2014,18.62,"1,873.81"
03/06/2014,18.61,"1,877.03"
03/07/2014,18.6,"1,878.04"
03/10/2014,18.53,"1,877.17"
03/11/2014,18.44,"1,867.63"
03/12/2014,18.53,"1,868.20"
03/13/2014,18.58,"1,846.34"
03/14/2014,18.69,"1,841.13"
03/17/2014,18.75,"1,858.83"
03/18/2014,18.94,"1,872.25"
03/19/2014,18.66,"1,860.77"
03/20/2014,18.45,"1,872.01"
03/21/2014,18.03,"1,866.52"
03/24/2014,17.59,"1,857.44"
03/25/2014,17.74,"1,865.62"
03/26/2014,17.17,"1,852.56"
03/27/2014,16.92,"1,849.04"
03/28/2014,16.91,"1,857.62"
03/31/2014,16.82,"1,872.34"
04/01/2014,17.15,"1,885.52"
04/02/2014,17.1,"1,890.90"
04/03/2014,16.68,"1,888.77"
04/04/2014,16.15,"1,865.09"
04/07/2014,15.89,"1,845.04"
04/08/2014,16.35,"1,851.96"
04/09/2014,16.59,"1,872.18"
04/10/2014,15.86,"1,833.08"
04/11/2014,15.59,"1,815.69"
04/14/2014,15.8,"1,830.61"
04/15/2014,15.8,"1,842.98"
04/16/2014,16.18,"1,862.31"
04/17/2014,16.25,"1,864.85"
04/21/2014,16.54,"1,871.89"
04/22/2014,16.47,"1,879.55"
04/23/2014,16.23,"1,875.39"
04/24/2014,16.86,"1,878.61"
04/25/2014,15.19,"1,863.40"
04/28/2014,14.83,"1,869.43"
04/29/2014,15.02,"1,878.33"
04/30/2014,15.21,"1,883.95"
05/01/2014,15.39,"1,883.68"
05/02/2014,15.4,"1,881.14"
05/05/2014,15.5,"1,884.66"
05/06/2014,14.87,"1,867.72"
05/07/2014,14.64,"1,878.21"
05/08/2014,14.42,"1,875.63"
05/09/2014,14.61,"1,878.48"
05/12/2014,15.14,"1,896.65"
05/13/2014,15.23,"1,897.45"
05/14/2014,14.88,"1,888.53"
05/15/2014,14.76,"1,870.85"
05/16/2014,14.88,"1,877.86"
05/19/2014,14.84,"1,885.08"
05/20/2014,15.06,"1,872.83"
05/21/2014,15.25,"1,888.03"
05/22/2014,15.25,"1,892.49"
05/23/2014,15.61,"1,900.53"
05/27/2014,15.54,"1,911.91"
05/28/2014,15.51,"1,909.78"
05/29/2014,15.69,"1,920.03"
05/30/2014,15.63,"1,923.57"
06/02/2014,15.44,"1,924.97"
06/03/2014,15.36,"1,924.24"
06/04/2014,15.34,"1,927.88"
06/05/2014,16.18,"1,940.46"
06/06/2014,16.48,"1,949.44"
06/09/2014,16.38,"1,951.27"
06/10/2014,16.62,"1,950.79"
06/11/2014,16.76,"1,943.89"
06/12/2014,16.3,"1,930.11"
06/13/2014,16.31,"1,936.16"
06/16/2014,16.38,"1,937.78"
06/17/2014,16.28,"1,941.99"
06/18/2014,16.72,"1,956.98"
06/19/2014,16.35,"1,959.48"
06/20/2014,16.21,"1,962.87"
06/23/2014,16.36,"1,962.61"
06/24/2014,16.21,"1,949.98"
06/25/2014,16.37,"1,959.53"
06/26/2014,16.28,"1,957.22"
06/27/2014,16.23,"1,960.96"
06/30/2014,16.24,"1,960.23"
07/01/2014,16.62,"1,973.32"
07/02/2014,16.64,"1,974.62"
07/03/2014,16.87,"1,985.44"
07/07/2014,16.68,"1,977.65"
07/08/2014,16.19,"1,963.71"
07/09/2014,16.5,"1,972.83"
07/10/2014,16.4,"1,964.68"
07/11/2014,17.31,"1,967.57"
07/14/2014,17.77,"1,977.10"
07/15/2014,17.72,"1,973.28"
07/16/2014,17.8,"1,981.57"
07/17/2014,17.62,"1,958.12"
07/18/2014,17.93,"1,978.22"
07/21/2014,17.99,"1,973.63"
07/22/2014,18.04,"1,983.53"
07/23/2014,17.91,"1,987.01"
07/24/2014,17.93,"1,987.98"
07/25/2014,16.2,"1,978.34"
07/28/2014,16.02,"1,978.91"
07/29/2014,16,"1,969.95"
07/30/2014,16.13,"1,970.07"
07/31/2014,15.65,"1,930.67"
08/01/2014,15.35,"1,925.15"
08/04/2014,15.68,"1,938.99"
08/05/2014,15.62,"1,920.21"
08/06/2014,15.69,"1,920.24"
08/07/2014,15.57,"1,909.57"
08/08/2014,15.84,"1,931.59"
08/11/2014,15.92,"1,936.92"
08/12/2014,15.97,"1,933.75"
08/13/2014,16.31,"1,946.72"
08/14/2014,16.66,"1,955.18"
08/15/2014,16.68,"1,955.06"
08/18/2014,16.73,"1,971.74"
08/19/2014,16.76,"1,981.60"
08/20/2014,16.79,"1,986.51"
08/21/2014,16.65,"1,992.37"
08/22/2014,16.58,"1,988.40"
08/25/2014,16.7,"1,997.92"
08/26/2014,17.09,"2,000.02"
08/27/2014,17.16,"2,000.12"
08/28/2014,17,"1,996.74"
08/29/2014,16.95,"2,003.37"
09/02/2014,17.12,"2,002.28"
09/03/2014,16.95,"2,000.72"
09/04/2014,17.3,"1,997.65"
09/05/2014,17.32,"2,007.71"
09/08/2014,17.12,"2,001.54"
09/09/2014,16.49,"1,988.44"
09/10/2014,16.57,"1,995.69"
09/11/2014,16.53,"1,997.45"
09/12/2014,16.56,"1,985.54"
09/15/2014,16.19,"1,984.13"
09/16/2014,16.39,"1,998.98"
09/17/2014,16.2,"2,001.57"
09/18/2014,16.25,"2,011.36"
09/19/2014,16.57,"2,010.40"
09/22/2014,16.23,"1,994.29"
09/23/2014,16.18,"1,982.77"
09/24/2014,16.41,"1,998.30"
09/25/2014,16.1,"1,965.99"
09/26/2014,16.16,"1,982.85"
09/29/2014,16.09,"1,977.80"
09/30/2014,16.12,"1,972.29"
10/01/2014,15.87,"1,946.16"
10/02/2014,15.92,"1,946.17"
10/03/2014,16.14,"1,967.90"
10/06/2014,16.11,"1,964.82"
10/07/2014,15.85,"1,935.10"
10/08/2014,16.14,"1,968.89"
10/09/2014,15.77,"1,928.21"
10/10/2014,15.57,"1,906.13"
10/13/2014,15.32,"1,874.74"
10/14/2014,15.42,"1,877.70"
10/15/2014,15.3,"1,862.49"
10/16/2014,15.14,"1,862.76"
10/17/2014,15.18,"1,886.76"
10/20/2014,15.31,"1,904.01"
10/21/2014,15.77,"1,941.28"
10/22/2014,15.65,"1,927.11"
10/23/2014,15.66,"1,950.82"
10/24/2014,14.35,"1,964.58"
10/27/2014,14.5,"1,961.63"
10/28/2014,14.78,"1,985.05"
10/29/2014,14.71,"1,982.30"
10/30/2014,14.95,"1,994.65"
10/31/2014,15.27,"2,018.05"
11/03/2014,15.29,"2,017.81"
11/04/2014,15.14,"2,012.10"
11/05/2014,14.83,"2,023.57"
11/06/2014,14.83,"2,031.21"
11/07/2014,14.99,"2,031.92"
11/10/2014,15.26,"2,038.26"
11/11/2014,15.6,"2,039.68"
11/12/2014,15.58,"2,038.25"
11/13/2014,15.82,"2,039.33"
11/14/2014,16.39,"2,039.82"
11/17/2014,16.15,"2,041.32"
11/18/2014,16.25,"2,051.80"
11/19/2014,16.33,"2,048.72"
11/20/2014,16.53,"2,052.75"
11/21/2014,16.63,"2,063.50"
11/24/2014,16.78,"2,069.41"
11/25/2014,16.75,"2,067.03"
11/26/2014,16.68,"2,072.83"
11/28/2014,16.93,"2,067.56"
12/01/2014,16.3,"2,053.44"
12/02/2014,16.32,"2,066.55"
12/03/2014,15.82,"2,074.33"
12/04/2014,15.85,"2,071.92"
12/05/2014,15.63,"2,075.37"
12/08/2014,15.33,"2,060.31"
12/09/2014,15.62,"2,059.82"
12/10/2014,15.29,"2,026.14"
12/11/2014,15.37,"2,035.33"
12/12/2014,15.37,"2,002.33"
12/15/2014,15.3,"1,989.63"
12/16/2014,14.75,"1,972.74"
12/17/2014,14.94,"2,012.89"
12/18/2014,14.89,"2,061.23"
12/19/2014,14.99,"2,070.65"
12/22/2014,15.33,"2,078.54"
12/23/2014,15.31,"2,082.17"
12/24/2014,15.15,"2,081.88"
12/26/2014,15.45,"2,088.77"
12/29/2014,15.6,"2,090.57"
12/30/2014,15.52,"2,080.35"
12/31/2014,15.52,"2,058.90"
01/02/2015,15.43,"2,058.20"
01/05/2015,15.11,"2,020.58"
01/06/2015,14.76,"2,002.61"
01/07/2015,14.92,"2,025.90"
01/08/2015,15.02,"2,062.14"
01/09/2015,14.85,"2,044.81"
01/12/2015,14.57,"2,028.26"
01/13/2015,14.74,"2,023.03"
01/14/2015,14.66,"2,011.27"
01/15/2015,14.35,"1,992.67"
01/16/2015,14.54,"2,019.42"
01/20/2015,14.47,"2,022.55"
01/21/2015,14.86,"2,032.12"
01/22/2015,15.52,"2,063.15"
01/23/2015,15.62,"2,051.82"
01/26/2015,15.48,"2,057.09"
01/27/2015,15.34,"2,029.55"
01/28/2015,15.2,"2,002.16"
01/29/2015,15.59,"2,021.25"
01/30/2015,17.73,"1,994.99"
02/02/2015,18.22,"2,020.85"
02/03/2015,18.18,"2,050.03"
02/04/2015,18.24,"2,041.51"
02/05/2015,18.69,"2,062.52"
02/06/2015,18.71,"2,055.47"
02/09/2015,18.53,"2,046.74"
02/10/2015,18.65,"2,068.59"
02/11/2015,18.76,"2,068.53"
02/12/2015,18.86,"2,088.48"
02/13/2015,19.09,"2,096.99"
02/17/2015,18.77,"2,100.34"
02/18/2015,18.67,"2,099.68"
02/19/2015,18.95,"2,097.45"
02/20/2015,19.18,"2,110.30"
02/23/2015,19.01,"2,109.66"
02/24/2015,18.93,"2,115.48"
02/25/2015,19.27,"2,113.86"
02/26/2015,19.24,"2,110.74"
02/27/2015,19.01,"2,104.50"
03/02/2015,19.28,"2,117.39"
03/03/2015,19.23,"2,107.78"
03/04/2015,19.14,"2,098.53"
03/05/2015,19.39,"2,101.04"
03/06/2015,19,"2,071.26"
03/09/2015,18.93,"2,079.43"
03/10/2015,18.48,"2,044.16"
03/11/2015,18.32,"2,040.24"
03/12/2015,18.71,"2,065.95"
03/13/2015,18.53,"2,053.40"
03/16/2015,18.67,"2,081.19"
03/17/2015,18.6,"2,074.28"
03/18/2015,18.76,"2,099.50"
03/19/2015,18.66,"2,089.27"
03/20/2015,18.92,"2,108.10"
03/23/2015,18.76,"2,104.42"
03/24/2015,18.7,"2,091.50"
03/25/2015,18.55,"2,061.05"
03/26/2015,18.37,"2,056.15"
03/27/2015,18.53,"2,061.02"
03/30/2015,18.73,"2,086.24"
03/31/2015,18.61,"2,067.89"
04/01/2015,18.51,"2,059.69"
04/02/2015,18.61,"2,066.96"
04/06/2015,18.85,"2,080.62"
04/07/2015,18.72,"2,076.33"
04/08/2015,19.06,"2,081.90"
04/09/2015,19.18,"2,091.18"
04/10/2015,19.13,"2,102.06"
04/13/2015,19.12,"2,092.43"
04/14/2015,19.26,"2,095.84"
04/15/2015,19.17,"2,106.63"
04/16/2015,19.3,"2,104.99"
04/17/2015,18.78,"2,081.18"
04/20/2015,19.48,"2,100.40"
04/21/2015,19.56,"2,097.29"
04/22/2015,19.49,"2,107.96"
04/23/2015,19.5,"2,112.93"
04/24/2015,22.25,"2,117.69"
04/27/2015,21.93,"2,108.92"
04/28/2015,21.47,"2,114.76"
04/29/2015,21.47,"2,106.85"
04/30/2015,21.09,"2,085.51"
05/01/2015,21.14,"2,108.29"
05/04/2015,21.15,"2,114.49"
05/05/2015,21.06,"2,089.46"
05/06/2015,20.95,"2,080.15"
05/07/2015,21.34,"2,088.00"
05/08/2015,21.68,"2,116.10"
05/11/2015,21.64,"2,105.33"
05/12/2015,21.55,"2,099.12"
05/13/2015,21.34,"2,098.48"
05/14/2015,21.61,"2,121.10"
05/15/2015,21.3,"2,122.73"
05/18/2015,21.26,"2,129.20"
05/19/2015,21.09,"2,127.83"
05/20/2015,21.19,"2,125.85"
05/21/2015,21.58,"2,130.82"
05/22/2015,21.38,"2,126.06"
05/26/2015,21.27,"2,104.20"
05/27/2015,21.57,"2,123.48"
05/28/2015,21.33,"2,120.79"
05/29/2015,21.46,"2,107.39"
06/01/2015,21.55,"2,111.73"
06/02/2015,21.55,"2,109.60"
06/03/2015,21.83,"2,114.07"
06/04/2015,21.54,"2,095.84"
06/05/2015,21.35,"2,092.83"
06/08/2015,21.18,"2,079.28"
06/09/2015,21.27,"2,080.15"
06/10/2015,21.54,"2,105.20"
06/11/2015,21.65,"2,108.86"
06/12/2015,21.5,"2,094.11"
06/15/2015,21.18,"2,084.43"
06/16/2015,21.36,"2,096.29"
06/17/2015,21.39,"2,100.44"
06/18/2015,21.97,"2,121.24"
06/19/2015,21.75,"2,109.99"
06/22/2015,21.81,"2,122.85"
06/23/2015,22.3,"2,124.20"
06/24/2015,22.04,"2,108.58"
06/25/2015,22,"2,102.31"
06/26/2015,21.91,"2,101.49"
06/29/2015,21.49,"2,057.64"
06/30/2015,21.7,"2,063.11"
07/01/2015,21.87,"2,077.42"
07/02/2015,21.89,"2,076.78"
07/06/2015,21.8,"2,068.76"
07/07/2015,21.84,"2,081.34"
07/08/2015,21.48,"2,046.68"
07/09/2015,21.72,"2,051.31"
07/10/2015,22.18,"2,076.62"
07/13/2015,22.78,"2,099.60"
07/14/2015,23.28,"2,108.95"
07/15/2015,23.06,"2,107.40"
07/16/2015,23.77,"2,124.29"
07/17/2015,24.15,"2,126.64"
07/20/2015,24.41,"2,128.28"
07/21/2015,24.4,"2,119.21"
07/22/2015,24.41,"2,114.15"
07/23/2015,24.11,"2,102.15"
07/24/2015,26.47,"2,079.65"
07/27/2015,26.57,"2,067.64"
07/28/2015,26.3,"2,093.25"
07/29/2015,26.45,"2,108.57"
07/30/2015,26.84,"2,108.63"
07/31/2015,26.81,"2,103.84"
08/03/2015,26.75,"2,098.04"
08/04/2015,26.59,"2,093.32"
08/05/2015,26.85,"2,099.84"
08/06/2015,26.47,"2,083.56"
08/07/2015,26.13,"2,077.57"
08/10/2015,26.2,"2,104.18"
08/11/2015,26.37,"2,084.07"
08/12/2015,26.3,"2,086.05"
08/13/2015,26.48,"2,083.39"
08/14/2015,26.58,"2,091.54"
08/17/2015,26.76,"2,102.44"
08/18/2015,26.75,"2,096.92"
08/19/2015,26.65,"2,079.61"
08/20/2015,25.79,"2,035.73"
08/21/2015,24.72,"1,970.89"
08/24/2015,23.17,"1,893.21"
08/25/2015,23.32,"1,867.61"
08/26/2015,25.04,"1,940.51"
08/27/2015,25.92,"1,987.66"
08/28/2015,25.9,"1,988.87"
08/31/2015,25.64,"1,972.18"
09/01/2015,24.83,"1,913.85"
09/02/2015,25.53,"1,948.86"
09/03/2015,25.24,"1,951.13"
09/04/2015,24.95,"1,921.22"
09/08/2015,25.88,"1,969.41"
09/09/2015,25.84,"1,942.04"
09/10/2015,26.11,"1,952.29"
09/11/2015,26.47,"1,961.05"
09/14/2015,26.07,"1,953.03"
09/15/2015,26.12,"1,978.09"
09/16/2015,26.37,"1,995.31"
09/17/2015,26.94,"1,990.20"
09/18/2015,27.01,"1,958.03"
09/21/2015,27.42,"1,966.97"
09/22/2015,26.92,"1,942.74"
09/23/2015,26.8,"1,938.76"
09/24/2015,26.69,"1,932.24"
09/25/2015,26.21,"1,931.34"
09/28/2015,25.2,"1,881.77"
09/29/2015,24.8,"1,884.09"
09/30/2015,25.59,"1,920.03"
10/01/2015,26.04,"1,923.82"
10/02/2015,26.63,"1,951.36"
10/05/2015,27.18,"1,987.05"
10/06/2015,26.87,"1,979.92"
10/07/2015,27.1,"1,995.83"
10/08/2015,26.66,"2,013.43"
10/09/2015,26.99,"2,014.89"
10/12/2015,27.51,"2,017.46"
10/13/2015,27.45,"2,003.69"
10/14/2015,27.24,"1,994.24"
10/15/2015,28.12,"2,023.86"
10/16/2015,28.54,"2,033.11"
10/19/2015,28.66,"2,033.66"
10/20/2015,28.04,"2,030.77"
10/21/2015,27.79,"2,018.94"
10/22/2015,28.2,"2,052.51"
10/23/2015,29.95,"2,075.15"
10/26/2015,30.43,"2,071.18"
10/27/2015,30.55,"2,065.89"
10/28/2015,30.86,"2,090.35"
10/29/2015,31.33,"2,089.41"
10/30/2015,31.3,"2,079.36"
11/02/2015,31.42,"2,104.05"
11/03/2015,31.27,"2,109.79"
11/04/2015,32.05,"2,102.31"
11/05/2015,32.78,"2,099.93"
11/06/2015,32.97,"2,099.20"
11/09/2015,32.77,"2,078.58"
11/10/2015,32.98,"2,081.72"
11/11/2015,33.66,"2,075.00"
11/12/2015,33.28,"2,045.97"
11/13/2015,32.12,"2,023.04"
11/16/2015,32.39,"2,053.19"
11/17/2015,32.16,"2,050.44"
11/18/2015,33.18,"2,083.58"
11/19/2015,33.06,"2,081.24"
11/20/2015,33.42,"2,089.17"
11/23/2015,33.95,"2,086.59"
11/24/2015,33.56,"2,089.14"
11/25/2015,33.77,"2,088.87"
11/27/2015,33.66,"2,090.11"
11/30/2015,33.24,"2,080.41"
12/01/2015,33.95,"2,102.63"
12/02/2015,33.8,"2,079.51"
12/03/2015,33.31,"2,049.62"
12/04/2015,33.63,"2,091.69"
12/07/2015,33.49,"2,077.07"
12/08/2015,33.87,"2,063.59"
12/09/2015,33.24,"2,047.62"
12/10/2015,33.12,"2,052.23"
12/11/2015,32.01,"2,012.37"
12/14/2015,32.9,"2,021.94"
12/15/2015,32.93,"2,043.41"
12/16/2015,33.79,"2,073.07"
12/17/2015,33.53,"2,041.89"
12/18/2015,33.21,"2,005.55"
12/21/2015,33.23,"2,021.15"
12/22/2015,33.16,"2,038.97"
12/23/2015,33.19,"2,064.29"
12/24/2015,33.14,"2,060.99"
12/28/2015,33.76,"2,056.50"
12/29/2015,34.7,"2,078.36"
12/30/2015,34.45,"2,063.36"
12/31/2015,33.79,"2,043.94"
01/04/2016,31.85,"2,012.66"
01/05/2016,31.69,"2,016.71"
01/06/2016,31.63,"1,990.26"
01/07/2016,30.4,"1,943.09"
01/08/2016,30.35,"1,922.03"
01/11/2016,30.89,"1,923.67"
01/12/2016,30.89,"1,938.68"
01/13/2016,29.09,"1,890.28"
01/14/2016,29.65,"1,921.84"
01/15/2016,28.51,"1,880.33"
01/19/2016,28.72,"1,881.33"
01/20/2016,28.59,"1,859.33"
01/21/2016,28.75,"1,868.99"
01/22/2016,29.82,"1,906.90"
01/25/2016,29.83,"1,877.08"
01/26/2016,30.06,"1,903.63"
01/27/2016,29.17,"1,882.95"
01/28/2016,31.77,"1,893.36"
01/29/2016,29.35,"1,940.24"
02/01/2016,28.74,"1,939.38"
02/02/2016,27.61,"1,903.03"
02/03/2016,26.55,"1,912.53"
02/04/2016,26.81,"1,915.45"
02/05/2016,25.11,"1,880.05"
02/08/2016,24.41,"1,853.44"
02/09/2016,24.1,"1,852.21"
02/10/2016,24.52,"1,851.86"
02/11/2016,25.19,"1,829.08"
02/12/2016,25.35,"1,864.78"
02/16/2016,26.05,"1,895.58"
02/17/2016,26.7,"1,926.82"
02/18/2016,26.25,"1,917.83"
02/19/2016,26.75,"1,917.78"
02/22/2016,27.98,"1,945.50"
02/23/2016,27.65,"1,921.27"
02/24/2016,27.7,"1,929.80"
02/25/2016,27.76,"1,951.70"
02/26/2016,27.76,"1,948.05"
02/29/2016,27.63,"1,932.23"
03/01/2016,28.95,"1,978.35"
03/02/2016,29.01,"1,986.45"
03/03/2016,28.87,"1,993.40"
03/04/2016,28.76,"1,999.99"
03/07/2016,28.14,"2,001.76"
03/08/2016,28.01,"1,979.26"
03/09/2016,27.97,"1,989.26"
03/10/2016,27.95,"1,989.57"
03/11/2016,28.48,"2,022.19"
03/14/2016,28.67,"2,019.64"
03/15/2016,28.85,"2,015.93"
03/16/2016,28.71,"2,027.22"
03/17/2016,27.97,"2,040.59"
03/18/2016,27.6,"2,049.58"
03/21/2016,27.7,"2,051.60"
03/22/2016,28.02,"2,049.80"
03/23/2016,28.48,"2,036.71"
03/24/2016,29.15,"2,035.94"
03/28/2016,28.99,"2,037.05"
03/29/2016,29.69,"2,055.01"
03/30/2016,29.93,"2,063.95"
03/31/2016,29.68,"2,059.74"
04/01/2016,29.93,"2,072.78"
04/04/2016,29.66,"2,066.13"
04/05/2016,29.31,"2,045.17"
04/06/2016,30.1,"2,066.66"
04/07/2016,29.57,"2,041.91"
04/08/2016,29.73,"2,047.60"
04/11/2016,29.8,"2,041.99"
04/12/2016,30.16,"2,061.72"
04/13/2016,30.74,"2,082.42"
04/14/2016,31.04,"2,082.78"
04/15/2016,31.29,"2,080.73"
04/18/2016,31.77,"2,094.34"
04/19/2016,31.39,"2,100.80"
04/20/2016,31.65,"2,102.40"
04/21/2016,31.55,"2,091.48"
04/22/2016,31.02,"2,091.58"
04/25/2016,31.31,"2,087.79"
04/26/2016,30.84,"2,091.70"
04/27/2016,30.33,"2,095.15"
04/28/2016,30.1,"2,075.81"
04/29/2016,32.98,"2,065.30"
05/02/2016,34.19,"2,081.43"
05/03/2016,33.57,"2,063.37"
05/04/2016,33.55,"2,051.12"
05/05/2016,32.95,"2,050.63"
05/06/2016,33.7,"2,057.14"
05/09/2016,33.99,"2,058.69"
05/10/2016,35.15,"2,084.39"
05/11/2016,35.66,"2,064.46"
05/12/2016,35.9,"2,064.11"
05/13/2016,35.5,"2,046.61"
05/16/2016,35.53,"2,066.66"
05/17/2016,34.76,"2,047.21"
05/18/2016,34.87,"2,047.63"
05/19/2016,34.93,"2,040.04"
05/20/2016,35.14,"2,052.32"
05/23/2016,34.84,"2,048.04"
05/24/2016,35.21,"2,076.06"
05/25/2016,35.42,"2,090.54"
05/26/2016,35.75,"2,090.10"
05/27/2016,35.61,"2,099.06"
05/31/2016,36.14,"2,096.96"
06/01/2016,35.97,"2,099.33"
06/02/2016,36.41,"2,105.26"
06/03/2016,36.28,"2,099.13"
06/06/2016,36.34,"2,109.41"
06/07/2016,36.19,"2,112.13"
06/08/2016,36.33,"2,119.12"
06/09/2016,36.38,"2,115.48"
06/10/2016,35.9,"2,096.07"
06/13/2016,35.76,"2,079.06"
06/14/2016,35.97,"2,075.32"
06/15/2016,35.71,"2,071.50"
06/16/2016,35.88,"2,077.99"
06/17/2016,35.32,"2,071.22"
06/20/2016,35.7,"2,083.25"
06/21/2016,35.79,"2,088.90"
06/22/2016,35.53,"2,085.45"
06/23/2016,36.1,"2,113.32"
06/24/2016,34.95,"2,037.41"
06/27/2016,34.57,"2,000.54"
06/28/2016,35.4,"2,036.09"
06/29/2016,35.78,"2,070.77"
06/30/2016,35.78,"2,098.86"
07/01/2016,36.28,"2,102.95"
07/05/2016,36.41,"2,088.55"
07/06/2016,36.88,"2,099.73"
07/07/2016,36.83,"2,097.90"
07/08/2016,37.29,"2,129.90"
07/11/2016,37.69,"2,137.16"
07/12/2016,37.41,"2,152.14"
07/13/2016,37.13,"2,152.43"
07/14/2016,37.06,"2,163.75"
07/15/2016,36.77,"2,161.74"
07/18/2016,36.8,"2,166.89"
07/19/2016,37,"2,163.78"
07/20/2016,37.29,"2,173.02"
07/21/2016,37.22,"2,165.17"
07/22/2016,37.24,"2,175.03"
07/25/2016,36.98,"2,168.48"
07/26/2016,36.78,"2,169.18"
07/27/2016,36.83,"2,166.58"
07/28/2016,37.63,"2,170.06"
07/29/2016,37.94,"2,173.60"
08/01/2016,38.39,"2,170.84"
08/02/2016,38.03,"2,157.03"
08/03/2016,37.73,"2,163.79"
08/04/2016,38.04,"2,164.25"
08/05/2016,38.3,"2,182.87"
08/08/2016,38.33,"2,180.89"
08/09/2016,38.42,"2,181.74"
08/10/2016,38.43,"2,175.49"
08/11/2016,38.56,"2,185.79"
08/12/2016,38.63,"2,184.05"
08/15/2016,38.42,"2,190.15"
08/16/2016,38.2,"2,178.15"
08/17/2016,38.23,"2,182.22"
08/18/2016,38.22,"2,187.02"
08/19/2016,37.87,"2,183.87"
08/22/2016,37.97,"2,182.64"
08/23/2016,38.12,"2,186.90"
08/24/2016,37.86,"2,175.44"
08/25/2016,37.96,"2,172.47"
08/26/2016,38.45,"2,169.04"
08/29/2016,38.56,"2,180.38"
08/30/2016,38.38,"2,176.12"
08/31/2016,38.46,"2,170.95"
09/01/2016,38.53,"2,170.86"
09/02/2016,38.62,"2,179.98"
09/06/2016,39.44,"2,186.48"
09/07/2016,39.22,"2,186.16"
09/08/2016,39.2,"2,181.30"
09/09/2016,38.01,"2,127.81"
09/12/2016,38.57,"2,159.04"
09/13/2016,38.05,"2,127.02"
09/14/2016,38.05,"2,125.77"
09/15/2016,38.48,"2,147.26"
09/16/2016,38.93,"2,139.16"
09/19/2016,38.76,"2,139.12"
09/20/2016,39.01,"2,139.76"
09/21/2016,39.49,"2,163.12"
09/22/2016,40.23,"2,177.18"
09/23/2016,40.29,"2,164.69"
09/26/2016,39.96,"2,146.10"
09/27/2016,40.81,"2,159.93"
09/28/2016,41.44,"2,171.37"
09/29/2016,41.45,"2,151.13"
09/30/2016,41.87,"2,168.27"
10/03/2016,41.84,"2,161.20"
10/04/2016,41.7,"2,150.49"
10/05/2016,42.22,"2,159.73"
10/06/2016,42.08,"2,160.77"
10/07/2016,41.97,"2,153.74"
10/10/2016,42.09,"2,163.66"
10/11/2016,41.55,"2,136.73"
10/12/2016,41.7,"2,139.18"
10/13/2016,41.46,"2,132.55"
10/14/2016,41.15,"2,132.98"
10/17/2016,40.65,"2,126.50"
10/18/2016,40.88,"2,139.60"
10/19/2016,40.88,"2,144.29"
10/20/2016,40.52,"2,141.34"
10/21/2016,40.95,"2,141.16"
10/24/2016,41.9,"2,151.33"
10/25/2016,41.76,"2,143.16"
10/26/2016,41.13,"2,139.43"
10/27/2016,40.92,"2,133.04"
10/28/2016,38.82,"2,126.41"
10/31/2016,39.49,"2,126.15"
11/01/2016,39.27,"2,111.72"
11/02/2016,38.28,"2,097.94"
11/03/2016,38.35,"2,088.66"
11/04/2016,37.75,"2,085.18"
11/07/2016,39.25,"2,131.52"
11/08/2016,39.39,"2,139.56"
11/09/2016,38.59,"2,163.26"
11/10/2016,37.12,"2,167.48"
11/11/2016,36.95,"2,164.45"
11/14/2016,35.95,"2,164.20"
11/15/2016,37.16,"2,180.39"
11/16/2016,37.32,"2,176.94"
11/17/2016,37.82,"2,187.12"
11/18/2016,38.01,"2,181.90"
11/21/2016,39,"2,198.18"
11/22/2016,39.27,"2,202.94"
11/23/2016,39.01,"2,204.72"
11/25/2016,39.02,"2,213.35"
11/28/2016,38.34,"2,201.72"
11/29/2016,38.13,"2,204.66"
11/30/2016,37.53,"2,198.81"
12/01/2016,37.18,"2,191.08"
12/02/2016,37.02,"2,191.95"
12/05/2016,37.97,"2,204.71"
12/06/2016,38.24,"2,212.23"
12/07/2016,38.52,"2,241.35"
12/08/2016,38.37,"2,246.19"
12/09/2016,38.43,"2,259.53"
12/12/2016,38.01,"2,256.96"
12/13/2016,38.72,"2,271.72"
12/14/2016,38.44,"2,253.28"
12/15/2016,38.05,"2,262.03"
12/16/2016,37.89,"2,258.07"
12/19/2016,38.3,"2,262.53"
12/20/2016,38.56,"2,270.76"
12/21/2016,38.53,"2,265.18"
12/22/2016,38.32,"2,260.96"
12/23/2016,38.03,"2,263.79"
12/27/2016,38.57,"2,268.88"
12/28/2016,38.61,"2,249.92"
12/29/2016,38.26,"2,249.26"
12/30/2016,37.49,"2,238.83"
01/03/2017,37.68,"2,257.83"
01/04/2017,37.86,"2,270.75"
01/05/2017,39.02,"2,269.00"
01/06/2017,39.8,"2,276.98"
01/09/2017,39.85,"2,268.90"
01/10/2017,39.8,"2,268.90"
01/11/2017,39.95,"2,275.32"
01/12/2017,40.68,"2,270.44"
01/13/2017,40.86,"2,274.64"
01/17/2017,40.49,"2,267.89"
01/18/2017,40.37,"2,271.89"
01/19/2017,40.45,"2,263.69"
01/20/2017,40.42,"2,271.31"
01/23/2017,40.89,"2,265.20"
01/24/2017,41.12,"2,280.07"
01/25/2017,41.83,"2,298.37"
01/26/2017,41.96,"2,296.68"
01/27/2017,41.79,"2,294.69"
01/30/2017,41.52,"2,280.90"
01/31/2017,41.17,"2,278.87"
02/01/2017,41.62,"2,279.55"
02/02/2017,42,"2,280.85"
02/03/2017,40.51,"2,297.42"
02/06/2017,40.38,"2,292.56"
02/07/2017,40.62,"2,293.08"
02/08/2017,40.99,"2,294.67"
02/09/2017,41.07,"2,307.87"
02/10/2017,41.37,"2,316.10"
02/13/2017,41.83,"2,328.25"
02/14/2017,41.82,"2,337.58"
02/15/2017,42.13,"2,349.25"
02/16/2017,42.21,"2,347.22"
02/17/2017,42.25,"2,351.16"
02/21/2017,42.82,"2,365.38"
02/22/2017,42.78,"2,362.82"
02/23/2017,42.61,"2,363.81"
02/24/2017,42.26,"2,367.34"
02/27/2017,42.43,"2,369.75"
02/28/2017,42.25,"2,363.64"
03/01/2017,42.65,"2,395.96"
03/02/2017,42.45,"2,381.92"
03/03/2017,42.49,"2,383.12"
03/06/2017,42.33,"2,375.31"
03/07/2017,42.3,"2,368.39"
03/08/2017,42.52,"2,362.98"
03/09/2017,42.65,"2,364.87"
03/10/2017,42.62,"2,372.60"
03/13/2017,42.73,"2,373.47"
03/14/2017,42.63,"2,365.45"
03/15/2017,42.65,"2,385.26"
03/16/2017,42.67,"2,381.38"
03/17/2017,42.62,"2,378.25"
03/20/2017,42.85,"2,373.47"
03/21/2017,42.16,"2,344.02"
03/22/2017,42.4,"2,348.45"
03/23/2017,42.37,"2,345.96"
03/24/2017,42.28,"2,343.98"
03/27/2017,42.34,"2,341.59"
03/28/2017,42.8,"2,358.57"
03/29/2017,43.72,"2,361.13"
03/30/2017,43.82,"2,368.06"
03/31/2017,44.33,"2,362.72"
04/03/2017,44.58,"2,358.84"
04/04/2017,45.34,"2,360.16"
04/05/2017,45.46,"2,352.95"
04/06/2017,44.91,"2,357.49"
04/07/2017,44.74,"2,355.54"
04/10/2017,45.35,"2,357.16"
04/11/2017,45.12,"2,353.78"
04/12/2017,44.81,"2,344.93"
04/13/2017,44.23,"2,328.95"
04/17/2017,45.1,"2,349.01"
04/18/2017,45.19,"2,342.19"
04/19/2017,44.96,"2,338.17"
04/20/2017,45.1,"2,355.84"
04/21/2017,44.93,"2,348.69"
04/24/2017,45.37,"2,374.15"
04/25/2017,45.38,"2,388.61"
04/26/2017,45.46,"2,387.45"
04/27/2017,45.92,"2,388.77"
04/28/2017,46.25,"2,384.20"
05/01/2017,47.41,"2,388.33"
05/02/2017,47.35,"2,391.17"
05/03/2017,47.05,"2,388.13"
05/04/2017,46.88,"2,389.52"
05/05/2017,46.71,"2,399.29"
05/08/2017,47.45,"2,399.38"
05/09/2017,47.64,"2,396.92"
05/10/2017,47.45,"2,399.63"
05/11/2017,47.38,"2,394.44"
05/12/2017,48.07,"2,390.90"
05/15/2017,47.9,"2,402.32"
05/16/2017,48.3,"2,400.67"
05/17/2017,47.24,"2,357.03"
05/18/2017,47.92,"2,365.72"
05/19/2017,47.99,"2,381.73"
05/22/2017,48.53,"2,394.02"
05/23/2017,48.58,"2,398.42"
05/24/2017,49.02,"2,404.39"
05/25/2017,49.67,"2,415.07"
05/26/2017,49.79,"2,415.82"
05/30/2017,49.84,"2,412.91"
05/31/2017,49.73,"2,411.80"
06/01/2017,49.8,"2,430.06"
06/02/2017,50.34,"2,439.07"
06/05/2017,50.57,"2,436.10"
06/06/2017,50.15,"2,429.33"
06/07/2017,50.5,"2,433.14"
06/08/2017,50.51,"2,433.79"
06/09/2017,48.92,"2,431.77"
06/12/2017,48.25,"2,429.39"
06/13/2017,49.04,"2,440.35"
06/14/2017,48.82,"2,437.92"
06/15/2017,48.21,"2,432.46"
06/16/2017,49.39,"2,433.15"
06/19/2017,49.76,"2,453.46"
06/20/2017,49.63,"2,437.03"
06/21/2017,50.11,"2,435.61"
06/22/2017,50.06,"2,434.50"
06/23/2017,50.19,"2,438.30"
06/26/2017,49.7,"2,439.07"
06/27/2017,48.84,"2,419.38"
06/28/2017,49.52,"2,440.69"
06/29/2017,48.8,"2,419.70"
06/30/2017,48.4,"2,423.41"
07/03/2017,47.68,"2,429.01"
07/05/2017,48.57,"2,432.54"
07/06/2017,48.26,"2,409.75"
07/07/2017,48.94,"2,425.18"
07/10/2017,49.82,"2,427.43"
07/11/2017,49.71,"2,425.53"
07/12/2017,50.33,"2,443.25"
07/13/2017,50.03,"2,447.83"
07/14/2017,50.09,"2,459.27"
07/17/2017,50.5,"2,459.14"
07/18/2017,51.22,"2,460.61"
07/19/2017,51.34,"2,473.83"
07/20/2017,51.44,"2,473.45"
07/21/2017,51.28,"2,472.54"
07/24/2017,51.95,"2,469.91"
07/25/2017,51.99,"2,477.13"
07/26/2017,52.64,"2,477.83"
07/27/2017,52.3,"2,475.42"
07/28/2017,51,"2,472.10"
07/31/2017,49.39,"2,470.30"
08/01/2017,49.81,"2,476.35"
08/02/2017,49.79,"2,477.57"
08/03/2017,49.35,"2,472.16"
08/04/2017,49.38,"2,476.83"
08/07/2017,49.61,"2,480.91"
08/08/2017,49.49,"2,474.92"
08/09/2017,49.1,"2,474.02"
08/10/2017,47.85,"2,438.21"
08/11/2017,48.4,"2,441.32"
08/14/2017,49.16,"2,465.84"
08/15/2017,49.14,"2,464.61"
08/16/2017,48.91,"2,468.11"
08/17/2017,48.03,"2,430.01"
08/18/2017,47.92,"2,425.55"
08/21/2017,47.66,"2,428.37"
08/22/2017,48.34,"2,452.51"
08/23/2017,47.9,"2,444.04"
08/24/2017,47.62,"2,438.97"
08/25/2017,47.26,"2,443.05"
08/28/2017,47.3,"2,444.24"
08/29/2017,47.7,"2,446.30"
08/30/2017,48.38,"2,457.59"
08/31/2017,49.03,"2,471.65"
09/01/2017,48.91,"2,476.55"
09/05/2017,48.26,"2,457.85"
09/06/2017,48.39,"2,465.54"
09/07/2017,48.97,"2,465.10"
09/08/2017,48.3,"2,461.43"
09/11/2017,48.9,"2,488.11"
09/12/2017,49.13,"2,496.48"
09/13/2017,49.98,"2,498.37"
09/14/2017,49.61,"2,495.62"
09/15/2017,49.34,"2,500.23"
09/18/2017,48.71,"2,503.87"
09/19/2017,48.49,"2,506.65"
09/20/2017,48.66,"2,508.24"
09/21/2017,48.23,"2,500.60"
09/22/2017,47.76,"2,502.22"
09/25/2017,46.99,"2,496.66"
09/26/2017,46.93,"2,496.84"
09/27/2017,47.54,"2,507.04"
09/28/2017,47.82,"2,510.06"
09/29/2017,48.07,"2,519.36"
10/02/2017,47.96,"2,529.12"
10/03/2017,47.85,"2,534.58"
10/04/2017,48.27,"2,537.74"
10/05/2017,49.04,"2,552.07"
10/06/2017,49.48,"2,549.33"
10/09/2017,49.55,"2,544.73"
10/10/2017,49.36,"2,550.64"
10/11/2017,49.75,"2,555.24"
10/12/2017,50.05,"2,550.93"
10/13/2017,50.15,"2,553.17"
10/16/2017,50.32,"2,557.64"
10/17/2017,50.46,"2,559.36"
10/18/2017,49.85,"2,561.26"
10/19/2017,49.33,"2,562.10"
10/20/2017,49.15,"2,575.21"
10/23/2017,48.31,"2,564.98"
10/24/2017,48.8,"2,569.13"
10/25/2017,48.65,"2,557.15"
10/26/2017,48.62,"2,560.40"
10/27/2017,55.05,"2,581.07"
10/30/2017,55.54,"2,572.83"
10/31/2017,55.26,"2,575.26"
11/01/2017,55.18,"2,579.36"
11/02/2017,54.71,"2,579.85"
11/03/2017,55.58,"2,587.84"
11/06/2017,56.03,"2,591.13"
11/07/2017,56.16,"2,590.64"
11/08/2017,56.64,"2,594.38"
11/09/2017,56.46,"2,584.62"
11/10/2017,56.27,"2,582.30"
11/13/2017,56.46,"2,584.84"
11/14/2017,56.84,"2,578.87"
11/15/2017,56.33,"2,564.62"
11/16/2017,56.86,"2,585.64"
11/17/2017,56.49,"2,578.85"
11/20/2017,56.32,"2,582.14"
11/21/2017,56.97,"2,599.03"
11/22/2017,57.81,"2,597.08"
11/24/2017,59.3,"2,602.42"
11/27/2017,59.79,"2,601.42"
11/28/2017,59.68,"2,627.04"
11/29/2017,58.06,"2,626.07"
11/30/2017,58.84,"2,647.58"
12/01/2017,58.12,"2,642.22"
12/04/2017,56.7,"2,639.44"
12/05/2017,57.08,"2,629.57"
12/06/2017,57.62,"2,629.27"
12/07/2017,57.99,"2,636.98"
12/08/2017,58.1,"2,651.50"
12/11/2017,58.45,"2,659.99"
12/12/2017,58.25,"2,664.11"
12/13/2017,58.21,"2,662.85"
12/14/2017,58.71,"2,652.01"
12/15/2017,58.96,"2,675.81"
12/18/2017,59.53,"2,690.16"
12/19/2017,59.37,"2,681.47"
12/20/2017,58.88,"2,679.25"
12/21/2017,58.74,"2,684.57"
12/22/2017,58.42,"2,683.34"
12/26/2017,58.84,"2,680.50"
12/27/2017,59.11,"2,682.62"
12/28/2017,59.3,"2,687.54"
12/29/2017,58.47,"2,673.61"
01/02/2018,59.45,"2,695.81"
01/03/2018,60.21,"2,713.06"
01/04/2018,60.48,"2,723.99"
01/05/2018,61.46,"2,743.15"
01/08/2018,62.34,"2,747.71"
01/09/2018,62.63,"2,751.29"
01/10/2018,62.72,"2,748.23"
01/11/2018,63.83,"2,767.56"
01/12/2018,65.26,"2,786.24"
01/16/2018,65.24,"2,776.42"
01/17/2018,64.75,"2,802.56"
01/18/2018,64.67,"2,798.03"
01/19/2018,64.73,"2,810.30"
01/22/2018,66.37,"2,832.97"
01/23/2018,68.13,"2,839.13"
01/24/2018,67.88,"2,837.54"
01/25/2018,68.9,"2,839.25"
01/26/2018,70.1,"2,872.87"
01/29/2018,70.88,"2,853.53"
01/30/2018,71.89,"2,822.43"
01/31/2018,72.54,"2,823.81"
02/01/2018,69.5,"2,821.98"
02/02/2018,71.5,"2,762.13"
02/05/2018,69.5,"2,648.94"
02/06/2018,72.14,"2,695.14"
02/07/2018,70.84,"2,681.66"
02/08/2018,67.53,"2,581.00"
02/09/2018,66.98,"2,619.55"
02/12/2018,69.31,"2,656.00"
02/13/2018,70.73,"2,662.94"
02/14/2018,72.55,"2,698.63"
02/15/2018,73.09,"2,731.20"
02/16/2018,72.43,"2,732.22"
02/20/2018,73.42,"2,716.26"
02/21/2018,74.15,"2,701.33"
02/22/2018,74.27,"2,703.96"
02/23/2018,75,"2,747.30"
02/26/2018,76.1,"2,779.60"
02/27/2018,75.6,"2,744.28"
02/28/2018,75.62,"2,713.83"
03/01/2018,74.67,"2,677.67"
03/02/2018,75.01,"2,691.25"
03/05/2018,76.18,"2,720.94"
03/06/2018,76.88,"2,728.12"
03/07/2018,77.25,"2,726.80"
03/08/2018,77.59,"2,738.97"
03/09/2018,78.94,"2,786.57"
03/12/2018,79.92,"2,783.02"
03/13/2018,79.41,"2,765.31"
03/14/2018,79.55,"2,749.48"
03/15/2018,79.12,"2,747.33"
03/16/2018,78.58,"2,752.01"
03/19/2018,77.25,"2,712.92"
03/20/2018,79.33,"2,716.94"
03/21/2018,79.09,"2,711.93"
03/22/2018,77.25,"2,643.69"
03/23/2018,74.78,"2,588.26"
03/26/2018,77.79,"2,658.55"
03/27/2018,74.85,"2,612.62"
03/28/2018,71.57,"2,605.00"
03/29/2018,72.37,"2,640.87"
04/02/2018,68.6,"2,581.88"
04/03/2018,69.6,"2,614.45"
04/04/2018,70.53,"2,644.69"
04/05/2018,72.59,"2,662.84"
04/06/2018,70.26,"2,604.47"
04/09/2018,70.3,"2,613.16"
04/10/2018,71.81,"2,656.87"
04/11/2018,71.35,"2,642.19"
04/12/2018,72.42,"2,663.99"
04/13/2018,71.54,"2,656.30"
04/16/2018,72.08,"2,677.84"
04/17/2018,75.19,"2,706.39"
04/18/2018,76.39,"2,708.64"
04/19/2018,77.85,"2,693.13"
04/20/2018,76.37,"2,670.14"
04/23/2018,75.89,"2,670.29"
04/24/2018,73,"2,634.56"
04/25/2018,73.01,"2,639.40"
04/26/2018,75.9,"2,666.94"
04/27/2018,78.63,"2,669.91"
04/30/2018,78.31,"2,648.05"
05/01/2018,79.11,"2,654.80"
05/02/2018,78.48,"2,635.67"
05/03/2018,78.6,"2,629.73"
05/04/2018,79.05,"2,663.42"
05/07/2018,80.01,"2,672.63"
05/08/2018,79.62,"2,671.92"
05/09/2018,80.4,"2,697.79"
05/10/2018,80.45,"2,723.07"
05/11/2018,80.15,"2,727.72"
05/14/2018,80.08,"2,730.13"
05/15/2018,78.81,"2,711.45"
05/16/2018,79.36,"2,722.46"
05/17/2018,79.09,"2,720.13"
05/18/2018,78.72,"2,712.97"
05/21/2018,79.27,"2,733.01"
05/22/2018,79.07,"2,724.44"
05/23/2018,80.09,"2,733.29"
05/24/2018,80.15,"2,727.76"
05/25/2018,80.51,"2,721.33"
05/29/2018,80.64,"2,689.86"
05/30/2018,81.24,"2,724.01"
05/31/2018,81.48,"2,705.27"
06/01/2018,82.08,"2,734.62"
06/04/2018,83.26,"2,746.87"
06/05/2018,84.82,"2,748.80"
06/06/2018,84.79,"2,772.35"
06/07/2018,84.47,"2,770.37"
06/08/2018,84.2,"2,779.03"
06/11/2018,84.46,"2,782.00"
06/12/2018,84.94,"2,786.85"
06/13/2018,85.24,"2,775.63"
06/14/2018,86.19,"2,782.49"
06/15/2018,85.8,"2,779.66"
06/18/2018,86.19,"2,773.75"
06/19/2018,86.74,"2,762.59"
06/20/2018,87.5,"2,767.32"
06/21/2018,86.51,"2,749.76"
06/22/2018,85.78,"2,754.88"
06/25/2018,83.16,"2,717.07"
06/26/2018,84.55,"2,723.06"
06/27/2018,83.03,"2,699.63"
06/28/2018,85.07,"2,716.31"
06/29/2018,84.99,"2,718.37"
07/02/2018,85.69,"2,726.71"
07/03/2018,84.7,"2,713.22"
07/05/2018,84.99,"2,736.61"
07/06/2018,85.53,"2,759.82"
07/09/2018,86.95,"2,784.17"
07/10/2018,87.15,"2,793.84"
07/11/2018,87.75,"2,774.02"
07/12/2018,89.83,"2,798.29"
07/13/2018,90.65,"2,801.31"
07/16/2018,91.12,"2,798.43"
07/17/2018,92.2,"2,809.55"
07/18/2018,92.15,"2,815.62"
07/19/2018,90.65,"2,804.49"
07/20/2018,90.69,"2,801.83"
07/23/2018,90.1,"2,806.98"
07/24/2018,91.46,"2,820.40"
07/25/2018,93.18,"2,846.07"
07/26/2018,90.4,"2,837.44"
07/27/2018,90.86,"2,818.82"
07/30/2018,88.96,"2,802.60"
07/31/2018,88.87,"2,816.29"
08/01/2018,89.86,"2,813.36"
08/02/2018,91.72,"2,827.22"
08/03/2018,91.16,"2,840.35"
08/06/2018,92.39,"2,850.40"
08/07/2018,93.12,"2,858.45"
08/08/2018,94.33,"2,857.70"
08/09/2018,94.93,"2,853.58"
08/10/2018,94.31,"2,833.28"
08/13/2018,94.81,"2,821.93"
08/14/2018,95.98,"2,839.96"
08/15/2018,94.13,"2,818.37"
08/16/2018,94.33,"2,840.69"
08/17/2018,94.11,"2,850.13"
08/20/2018,93.84,"2,857.05"
08/21/2018,94.17,"2,862.96"
08/22/2018,95.25,"2,861.82"
08/23/2018,95.14,"2,856.98"
08/24/2018,95.27,"2,874.69"
08/27/2018,96.38,"2,896.74"
08/28/2018,96.64,"2,897.52"
08/29/2018,99.91,"2,914.04"
08/30/2018,100.12,"2,901.13"
08/31/2018,100.64,"2,901.52"
09/04/2018,101.98,"2,896.72"
09/05/2018,99.74,"2,888.60"
09/06/2018,97.92,"2,878.05"
09/07/2018,97.6,"2,871.68"
09/10/2018,96.95,"2,877.13"
09/11/2018,99.36,"2,887.89"
09/12/2018,99.5,"2,888.92"
09/13/2018,99.49,"2,904.18"
09/14/2018,98.51,"2,904.98"
09/17/2018,95.4,"2,888.80"
09/18/2018,97.05,"2,904.31"
09/19/2018,96.32,"2,907.95"
09/20/2018,97.22,"2,930.75"
09/21/2018,95.75,"2,929.67"
09/24/2018,96.72,"2,919.37"
09/25/2018,98.73,"2,915.56"
09/26/2018,98.74,"2,905.97"
09/27/2018,100.65,"2,914.00"
09/28/2018,100.15,"2,913.98"
10/01/2018,100.22,"2,924.59"
10/02/2018,98.57,"2,923.43"
10/03/2018,97.64,"2,925.51"
10/04/2018,95.47,"2,901.61"
10/05/2018,94.48,"2,885.57"
10/08/2018,93.22,"2,884.43"
10/09/2018,93.52,"2,880.34"
10/10/2018,87.76,"2,785.68"
10/11/2018,85.97,"2,728.37"
10/12/2018,89.43,"2,767.13"
10/15/2018,88.05,"2,750.79"
10/16/2018,91,"2,809.92"
10/17/2018,91.59,"2,809.21"
10/18/2018,88.54,"2,768.78"
10/19/2018,88.2,"2,767.78"
10/22/2018,89.47,"2,755.88"
10/23/2018,88.44,"2,740.69"
10/24/2018,83.21,"2,656.10"
10/25/2018,89.11,"2,705.57"
10/26/2018,82.14,"2,658.69"
10/29/2018,76.94,"2,641.25"
10/30/2018,76.52,"2,682.63"
10/31/2018,79.9,"2,711.74"
11/01/2018,83.28,"2,740.37"
11/02/2018,83.28,"2,723.06"
11/05/2018,81.39,"2,738.31"
11/06/2018,82.14,"2,755.45"
11/07/2018,87.77,"2,813.89"
11/08/2018,87.75,"2,806.83"
11/09/2018,85.62,"2,781.01"
11/12/2018,81.84,"2,726.22"
11/13/2018,81.56,"2,722.18"
11/14/2018,79.95,"2,701.58"
11/15/2018,80.97,"2,730.20"
11/16/2018,79.67,"2,736.27"
11/19/2018,75.61,"2,690.73"
11/20/2018,74.77,"2,641.89"
11/21/2018,75.84,"2,649.93"
11/23/2018,75.1,"2,632.56"
11/26/2018,79.07,"2,673.45"
11/27/2018,79.07,"2,682.17"
11/28/2018,83.89,"2,743.79"
11/29/2018,83.68,"2,737.76"
11/30/2018,84.51,"2,760.17"
12/03/2018,88.62,"2,790.37"
12/04/2018,83.42,"2,700.06"
12/06/2018,84.96,"2,695.95"
12/07/2018,81.46,"2,633.08"
12/10/2018,82.05,"2,637.72"
12/11/2018,82.16,"2,636.78"
12/12/2018,83.18,"2,651.07"
12/13/2018,82.92,"2,650.54"
12/14/2018,79.6,"2,599.95"
12/17/2018,76.05,"2,545.94"
12/18/2018,77.57,"2,546.16"
12/19/2018,74.75,"2,506.96"
12/20/2018,73.04,"2,467.42"
12/21/2018,68.87,"2,416.62"
12/24/2018,67.2,"2,351.10"
12/26/2018,73.55,"2,467.70"
12/27/2018,73.08,"2,488.83"
12/28/2018,73.9,"2,485.74"
12/31/2018,75.1,"2,506.85"
01/02/2019,76.96,"2,510.03"
01/03/2019,75.01,"2,447.89"
01/04/2019,78.77,"2,531.94"
01/07/2019,81.48,"2,549.69"
01/08/2019,82.83,"2,574.41"
01/09/2019,82.97,"2,584.96"
01/10/2019,82.81,"2,596.64"
01/11/2019,82.03,"2,596.26"
01/14/2019,80.86,"2,582.61"
01/15/2019,83.73,"2,610.30"
01/16/2019,84.19,"2,616.10"
01/17/2019,84.66,"2,635.96"
01/18/2019,84.81,"2,670.71"
01/22/2019,81.61,"2,632.90"
01/23/2019,82,"2,638.70"
01/24/2019,82.75,"2,642.33"
01/25/2019,83.53,"2,664.76"
01/28/2019,81.89,"2,643.85"
01/29/2019,79.69,"2,640.00"
01/30/2019,83.52,"2,681.05"
01/31/2019,85.94,"2,704.10"
02/01/2019,81.31,"2,706.53"
02/04/2019,81.67,"2,724.87"
02/05/2019,82.94,"2,737.70"
02/06/2019,82.01,"2,731.61"
02/07/2019,80.72,"2,706.05"
02/08/2019,79.41,"2,707.88"
02/11/2019,79.55,"2,709.80"
02/12/2019,81.9,"2,744.73"
02/13/2019,82,"2,753.03"
02/14/2019,81.13,"2,745.73"
02/15/2019,80.4,"2,775.60"
02/19/2019,81.38,"2,779.76"
02/20/2019,81.11,"2,784.70"
02/21/2019,80.97,"2,774.88"
02/22/2019,81.58,"2,792.67"
02/25/2019,81.65,"2,796.11"
02/26/2019,81.82,"2,793.90"
02/27/2019,82.05,"2,792.38"
02/28/2019,81.99,"2,784.49"
03/01/2019,83.59,"2,803.69"
03/04/2019,84.81,"2,792.81"
03/05/2019,84.62,"2,789.65"
03/06/2019,83.45,"2,771.45"
03/07/2019,81.3,"2,748.93"
03/08/2019,81.04,"2,743.07"
03/11/2019,83.53,"2,783.30"
03/12/2019,83.66,"2,791.52"
03/13/2019,84.54,"2,810.92"
03/14/2019,84.31,"2,808.48"
03/15/2019,85.62,"2,822.48"
03/18/2019,87.11,"2,832.94"
03/19/2019,88.09,"2,832.57"
03/20/2019,89.86,"2,824.23"
03/21/2019,90.96,"2,854.88"
03/22/2019,88.24,"2,800.71"
03/25/2019,88.71,"2,798.36"
03/26/2019,89.19,"2,818.46"
03/27/2019,88.28,"2,805.37"
03/28/2019,88.67,"2,815.44"
03/29/2019,89.04,"2,834.40"
04/01/2019,90.71,"2,867.19"
04/02/2019,90.7,"2,867.24"
04/03/2019,91.03,"2,873.40"
04/04/2019,90.94,"2,879.39"
04/05/2019,91.86,"2,892.74"
04/08/2019,92.49,"2,895.77"
04/09/2019,91.79,"2,878.20"
04/10/2019,92.37,"2,888.21"
04/11/2019,92.2,"2,888.32"
04/12/2019,92.15,"2,907.41"
04/15/2019,92.24,"2,905.58"
04/16/2019,93.15,"2,907.06"
04/17/2019,93.24,"2,900.45"
04/18/2019,93.08,"2,905.03"
04/22/2019,94.37,"2,907.97"
04/23/2019,96.19,"2,933.68"
04/24/2019,95.09,"2,927.25"
04/25/2019,95.11,"2,926.17"
04/26/2019,97.53,"2,939.88"
04/29/2019,96.92,"2,943.03"
04/30/2019,96.33,"2,945.83"
05/01/2019,95.58,"2,923.73"
05/02/2019,95.04,"2,917.52"
05/03/2019,98.12,"2,945.64"
05/06/2019,97.53,"2,932.47"
05/07/2019,96.05,"2,884.05"
05/08/2019,95.89,"2,879.42"
05/09/2019,94.99,"2,870.72"
05/10/2019,94.5,"2,881.40"
05/13/2019,91.13,"2,811.87"
05/14/2019,92.01,"2,834.41"
05/15/2019,93.56,"2,850.96"
05/16/2019,95.38,"2,876.32"
05/17/2019,93.45,"2,859.53"
05/20/2019,92.95,"2,840.23"
05/21/2019,92.88,"2,864.36"
05/22/2019,92.98,"2,856.27"
05/23/2019,90.77,"2,822.24"
05/24/2019,91.16,"2,826.06"
05/28/2019,91.82,"2,802.39"
05/29/2019,90.96,"2,783.02"
05/30/2019,90.82,"2,788.86"
05/31/2019,88.75,"2,752.06"
06/03/2019,84.63,"2,744.45"
06/04/2019,86.48,"2,803.27"
06/05/2019,86.92,"2,826.15"
06/06/2019,87.72,"2,843.49"
06/07/2019,90.2,"2,873.34"
06/10/2019,93.03,"2,886.73"
06/11/2019,93.19,"2,885.72"
06/12/2019,92.77,"2,879.84"
06/13/2019,93.52,"2,891.64"
06/14/2019,93.48,"2,886.98"
06/17/2019,94.3,"2,889.67"
06/18/2019,95.07,"2,917.75"
06/19/2019,95.44,"2,926.46"
06/20/2019,95.91,"2,954.18"
06/21/2019,95.56,"2,950.46"
06/24/2019,95.69,"2,945.35"
06/25/2019,93.91,"2,917.38"
06/26/2019,94.89,"2,913.78"
06/27/2019,95.21,"2,924.92"
06/28/2019,94.68,"2,941.76"
07/01/2019,96.11,"2,964.33"
07/02/2019,96.72,"2,973.01"
07/03/2019,96.95,"2,995.82"
07/05/2019,97.15,"2,990.41"
07/08/2019,97.62,"2,975.95"
07/09/2019,99.42,"2,979.63"
07/10/2019,100.87,"2,993.07"
07/11/2019,100.05,"2,999.91"
07/12/2019,100.55,"3,013.77"
07/15/2019,101.05,"3,014.30"
07/16/2019,100.5,"3,004.04"
07/17/2019,99.6,"2,984.42"
07/18/2019,98.89,"2,995.11"
07/19/2019,98.23,"2,976.61"
07/22/2019,99.28,"2,985.03"
07/23/2019,99.72,"3,005.47"
07/24/2019,100.04,"3,019.56"
07/25/2019,98.69,"3,003.67"
07/26/2019,97.15,"3,025.86"
07/29/2019,95.62,"3,020.97"
07/30/2019,94.93,"3,013.18"
07/31/2019,93.34,"2,980.38"
08/01/2019,92.77,"2,953.56"
08/02/2019,91.16,"2,932.05"
08/05/2019,88.26,"2,844.74"
08/06/2019,89.39,"2,881.77"
08/07/2019,89.67,"2,883.98"
08/08/2019,91.64,"2,938.09"
08/09/2019,90.38,"2,918.65"
08/12/2019,89.25,"2,883.75"
08/13/2019,91.22,"2,926.32"
08/14/2019,88.15,"2,840.60"
08/15/2019,88.81,"2,847.60"
08/16/2019,89.63,"2,888.68"
08/19/2019,90.81,"2,923.65"
08/20/2019,90.07,"2,900.51"
08/21/2019,91.18,"2,924.43"
08/22/2019,90.28,"2,922.95"
08/23/2019,87.48,"2,847.11"
08/26/2019,88.44,"2,878.38"
08/27/2019,88.09,"2,869.16"
08/28/2019,88.21,"2,887.94"
08/29/2019,89.32,"2,924.58"
08/30/2019,88.81,"2,926.46"
09/03/2019,89.49,"2,906.27"
09/04/2019,90.03,"2,937.78"
09/05/2019,92.04,"2,976.00"
09/06/2019,91.68,"2,978.71"
09/09/2019,91.57,"2,978.43"
09/10/2019,91.03,"2,979.39"
09/11/2019,91.15,"3,000.93"
09/12/2019,92.18,"3,009.57"
09/13/2019,91.97,"3,007.39"
09/16/2019,90.39,"2,997.96"
09/17/2019,91.13,"3,005.70"
09/18/2019,90.87,"3,006.73"
09/19/2019,91.08,"3,006.79"
09/20/2019,89.71,"2,992.07"
09/23/2019,89.27,"2,991.78"
09/24/2019,87.08,"2,966.60"
09/25/2019,88.42,"2,984.87"
09/26/2019,86.99,"2,977.62"
09/27/2019,86.27,"2,961.79"
09/30/2019,86.8,"2,976.74"
10/01/2019,86.78,"2,940.25"
10/02/2019,85.66,"2,887.61"
10/03/2019,86.22,"2,910.63"
10/04/2019,86.98,"2,952.01"
10/07/2019,86.63,"2,938.79"
10/08/2019,85.28,"2,893.06"
10/09/2019,86.1,"2,919.40"
10/10/2019,86.01,"2,938.13"
10/11/2019,86.6,"2,970.27"
10/14/2019,86.82,"2,966.15"
10/15/2019,88.37,"2,995.68"
10/16/2019,88.87,"2,989.69"
10/17/2019,89.37,"2,997.95"
10/18/2019,87.88,"2,986.20"
10/21/2019,89.28,"3,006.72"
10/22/2019,88.29,"2,995.99"
10/23/2019,88.11,"3,004.52"
10/24/2019,89.04,"3,010.29"
10/25/2019,88.07,"3,022.55"
10/28/2019,88.85,"3,039.42"
10/29/2019,88.14,"3,036.89"
10/30/2019,89,"3,046.77"
10/31/2019,88.83,"3,037.56"
11/01/2019,89.57,"3,066.91"
11/04/2019,90.23,"3,078.27"
11/05/2019,90.09,"3,074.62"
11/06/2019,89.79,"3,076.78"
11/07/2019,89.41,"3,085.18"
11/08/2019,89.29,"3,093.08"
11/11/2019,88.58,"3,087.01"
11/12/2019,88.9,"3,091.84"
11/13/2019,87.66,"3,094.04"
11/14/2019,87.73,"3,096.63"
11/15/2019,86.97,"3,120.46"
11/18/2019,87.63,"3,122.03"
11/19/2019,87.64,"3,120.18"
11/20/2019,87.28,"3,108.46"
11/21/2019,86.74,"3,103.54"
11/22/2019,87.29,"3,110.29"
11/25/2019,88.69,"3,133.64"
11/26/2019,89.85,"3,140.52"
11/27/2019,90.93,"3,153.63"
11/29/2019,90.04,"3,140.98"
12/02/2019,89.08,"3,113.87"
12/03/2019,88.5,"3,093.20"
12/04/2019,88.03,"3,112.76"
12/05/2019,87.02,"3,117.43"
12/06/2019,87.58,"3,145.91"
12/09/2019,87.48,"3,135.96"
12/10/2019,86.96,"3,132.52"
12/11/2019,87.44,"3,141.63"
12/12/2019,88.02,"3,168.57"
12/13/2019,88.05,"3,168.80"
12/16/2019,88.46,"3,191.45"
12/17/2019,89.53,"3,192.52"
12/18/2019,89.2,"3,191.14"
12/19/2019,89.61,"3,205.37"
12/20/2019,89.33,"3,221.22"
12/23/2019,89.65,"3,224.01"
12/24/2019,89.46,"3,223.38"
12/26/2019,93.44,"3,239.91"
12/27/2019,93.49,"3,240.02"
12/30/2019,92.34,"3,221.29"
12/31/2019,92.39,"3,230.78"
01/02/2020,94.9,"3,257.85"
01/03/2020,93.75,"3,234.85"
01/06/2020,95.14,"3,246.28"
01/07/2020,95.34,"3,237.18"
01/08/2020,94.6,"3,253.05"
01/09/2020,95.05,"3,274.70"
01/10/2020,94.16,"3,265.35"
01/13/2020,94.56,"3,288.13"
01/14/2020,93.47,"3,283.15"
01/15/2020,93.1,"3,289.29"
01/16/2020,93.9,"3,316.81"
01/17/2020,93.24,"3,329.62"
01/21/2020,94.6,"3,320.79"
01/22/2020,94.37,"3,321.75"
01/23/2020,94.23,"3,325.54"
01/24/2020,93.08,"3,295.47"
01/27/2020,91.42,"3,243.63"
01/28/2020,92.66,"3,276.24"
01/29/2020,92.9,"3,273.40"
01/30/2020,93.53,"3,283.66"
01/31/2020,100.44,"3,225.52"
02/03/2020,100.21,"3,248.92"
02/04/2020,102.48,"3,297.59"
02/05/2020,101.99,"3,334.69"
02/06/2020,102.51,"3,345.78"
02/07/2020,103.96,"3,327.71"
02/10/2020,106.7,"3,352.09"
02/11/2020,107.54,"3,357.75"
02/12/2020,108,"3,379.45"
02/13/2020,107.49,"3,373.94"
02/14/2020,106.74,"3,380.16"
02/18/2020,107.78,"3,370.29"
02/19/2020,108.51,"3,386.15"
02/20/2020,107.66,"3,373.23"
02/21/2020,104.8,"3,337.75"
02/24/2020,100.46,"3,225.89"
02/25/2020,98.64,"3,128.21"
02/26/2020,98.98,"3,116.39"
02/27/2020,94.22,"2,978.76"
02/28/2020,94.19,"2,954.22"
03/02/2020,97.7,"3,090.23"
03/03/2020,95.45,"3,003.37"
03/04/2020,98.79,"3,130.12"
03/05/2020,96.2,"3,023.94"
03/06/2020,95.05,"2,972.37"
03/09/2020,90.03,"2,746.56"
03/10/2020,94.59,"2,882.23"
03/11/2020,91.04,"2,741.38"
03/12/2020,83.83,"2,480.64"
03/13/2020,89.25,"2,711.02"
03/16/2020,84.46,"2,386.13"
03/17/2020,90.39,"2,529.19"
03/18/2020,91.5,"2,398.10"
03/19/2020,94.05,"2,409.39"
03/20/2020,92.3,"2,304.92"
03/23/2020,95.14,"2,237.40"
03/24/2020,97,"2,447.33"
03/25/2020,94.29,"2,475.56"
03/26/2020,97.77,"2,630.07"
03/27/2020,95,"2,541.47"
03/30/2020,98.2,"2,626.65"
03/31/2020,97.49,"2,584.59"
04/01/2020,95.39,"2,470.50"
04/02/2020,95.94,"2,526.90"
04/03/2020,95.33,"2,488.65"
04/06/2020,99.88,"2,663.68"
04/07/2020,100.58,"2,659.41"
04/08/2020,102.15,"2,749.98"
04/09/2020,102.14,"2,789.82"
04/13/2020,108.44,"2,761.63"
04/14/2020,114.17,"2,846.06"
04/15/2020,115.38,"2,783.36"
04/16/2020,120.41,"2,799.55"
04/17/2020,118.75,"2,874.56"
04/20/2020,119.68,"2,823.16"
04/21/2020,116.41,"2,736.56"
04/22/2020,118.17,"2,799.31"
04/23/2020,119.97,"2,797.80"
04/24/2020,120.51,"2,836.74"
04/27/2020,118.8,"2,878.48"
04/28/2020,115.7,"2,863.39"
04/29/2020,118.64,"2,939.51"
04/30/2020,123.7,"2,912.43"
05/01/2020,114.3,"2,830.71"
05/04/2020,115.8,"2,842.74"
05/05/2020,115.89,"2,868.44"
05/06/2020,117.56,"2,848.42"
05/07/2020,118.38,"2,881.19"
05/08/2020,118.98,"2,929.80"
05/11/2020,120.45,"2,930.32"
05/12/2020,117.85,"2,870.12"
05/13/2020,118.4,"2,820.00"
05/14/2020,119.44,"2,852.50"
05/15/2020,120.49,"2,863.70"
05/18/2020,121.31,"2,953.91"
05/19/2020,122.47,"2,922.94"
05/20/2020,124.9,"2,971.61"
05/21/2020,122.34,"2,948.51"
05/22/2020,121.84,"2,955.45"
05/26/2020,121.09,"2,991.77"
05/27/2020,120.52,"3,036.13"
05/28/2020,120.06,"3,029.73"
05/29/2020,122.12,"3,044.31"
06/01/2020,123.55,"3,055.73"
06/02/2020,123.62,"3,080.82"
06/03/2020,123.92,"3,122.87"
06/04/2020,123.03,"3,112.35"
06/05/2020,124.15,"3,193.93"
06/08/2020,126.2,"3,232.39"
06/09/2020,130.04,"3,207.18"
06/10/2020,132.37,"3,190.14"
06/11/2020,127.9,"3,002.10"
06/12/2020,127.25,"3,041.31"
06/15/2020,128.63,"3,066.59"
06/16/2020,130.76,"3,124.74"
06/17/2020,132.05,"3,113.49"
06/18/2020,132.7,"3,115.34"
06/19/2020,133.75,"3,097.74"
06/22/2020,135.69,"3,117.86"
06/23/2020,138.22,"3,131.29"
06/24/2020,136.72,"3,050.33"
06/25/2020,137.73,"3,083.76"
06/26/2020,134.64,"3,009.05"
06/29/2020,134.02,"3,053.24"
06/30/2020,137.94,"3,100.29"
07/01/2020,143.94,"3,115.86"
07/02/2020,144.51,"3,130.01"
07/06/2020,152.85,"3,179.72"
07/07/2020,150.01,"3,145.32"
07/08/2020,154.06,"3,169.94"
07/09/2020,159.13,"3,152.05"
07/10/2020,160,"3,185.04"
07/13/2020,155.2,"3,155.22"
07/14/2020,154.2,"3,197.52"
07/15/2020,150.44,"3,226.56"
07/16/2020,150,"3,215.57"
07/17/2020,148.1,"3,224.73"
07/20/2020,159.84,"3,251.84"
07/21/2020,156.91,"3,257.30"
07/22/2020,155,"3,276.02"
07/23/2020,149.33,"3,235.66"
07/24/2020,150.45,"3,215.63"
07/27/2020,152.76,"3,239.41"
07/28/2020,150.02,"3,218.44"
07/29/2020,151.68,"3,258.44"
07/30/2020,152.59,"3,246.22"
07/31/2020,158.23,"3,271.12"
08/03/2020,155.59,"3,294.61"
08/04/2020,156.94,"3,306.51"
08/05/2020,160.25,"3,327.77"
08/06/2020,161.25,"3,349.16"
08/07/2020,158.37,"3,351.28"
08/10/2020,157.41,"3,360.47"
08/11/2020,154.03,"3,333.69"
08/12/2020,158.11,"3,380.35"
08/13/2020,158.05,"3,373.43"
08/14/2020,157.4,"3,372.85"
08/17/2020,159.12,"3,381.99"
08/18/2020,165.62,"3,389.78"
08/19/2020,163.02,"3,374.85"
08/20/2020,164.87,"3,385.51"
08/21/2020,164.24,"3,397.16"
08/24/2020,165.37,"3,431.28"
08/25/2020,167.32,"3,443.62"
08/26/2020,172.09,"3,478.73"
08/27/2020,170,"3,484.55"
08/28/2020,170.09,"3,508.01"
08/31/2020,172.55,"3,500.31"
09/01/2020,174.96,"3,526.65"
09/02/2020,176.57,"3,580.84"
09/03/2020,168.4,"3,455.06"
09/04/2020,164.73,"3,426.96"
09/08/2020,157.49,"3,331.84"
09/09/2020,163.43,"3,398.96"
09/10/2020,158.76,"3,339.19"
09/11/2020,155.81,"3,340.97"
09/14/2020,155.15,"3,383.54"
09/15/2020,157.81,"3,401.20"
09/16/2020,153.9,"3,385.49"
09/17/2020,150.44,"3,357.01"
09/18/2020,147.75,"3,319.47"
09/21/2020,148.02,"3,281.06"
09/22/2020,156.45,"3,315.57"
09/23/2020,149.99,"3,236.92"
09/24/2020,150.99,"3,246.59"
09/25/2020,154.76,"3,298.46"
09/28/2020,158.7,"3,351.60"
09/29/2020,157.24,"3,335.47"
09/30/2020,157.44,"3,363.00"
10/01/2020,161.06,"3,380.80"
10/02/2020,156.25,"3,348.44"
10/05/2020,159.96,"3,408.63"
10/06/2020,155,"3,360.95"
10/07/2020,159.78,"3,419.45"
10/08/2020,159.53,"3,446.83"
10/09/2020,164.33,"3,477.13"
10/12/2020,172.15,"3,534.22"
10/13/2020,172.18,"3,511.93"
10/14/2020,168.19,"3,488.67"
10/15/2020,166.93,"3,483.34"
10/16/2020,163.64,"3,483.81"
10/19/2020,160.36,"3,426.92"
10/20/2020,160.85,"3,443.12"
10/21/2020,159.25,"3,435.56"
10/22/2020,158.82,"3,453.49"
10/23/2020,160.22,"3,465.39"
10/26/2020,160.35,"3,400.97"
10/27/2020,164.32,"3,390.68"
10/28/2020,158.14,"3,271.03"
10/29/2020,160.55,"3,310.11"
10/30/2020,151.81,"3,269.96"
11/02/2020,150.22,"3,310.24"
11/03/2020,152.42,"3,369.16"
11/04/2020,162.06,"3,443.44"
11/05/2020,166.1,"3,510.45"
11/06/2020,165.57,"3,509.44"
11/09/2020,157.19,"3,550.50"
11/10/2020,151.75,"3,545.53"
11/11/2020,156.87,"3,572.66"
11/12/2020,155.51,"3,537.01"
11/13/2020,156.44,"3,585.15"
11/16/2020,156.55,"3,626.91"
11/17/2020,156.78,"3,609.53"
11/18/2020,155.27,"3,567.79"
11/19/2020,155.85,"3,581.87"
11/20/2020,154.97,"3,557.54"
11/23/2020,154.92,"3,577.59"
11/24/2020,155.9,"3,635.41"
11/25/2020,159.25,"3,629.65"
11/27/2020,159.77,"3,638.35"
11/30/2020,158.4,"3,621.63"
12/01/2020,161,"3,662.45"
12/02/2020,160.18,"3,669.01"
12/03/2020,159.34,"3,666.72"
12/04/2020,158.13,"3,699.12"
12/07/2020,157.9,"3,691.96"
12/08/2020,158.86,"3,702.25"
12/09/2020,155.21,"3,672.82"
12/10/2020,155.07,"3,668.10"
12/11/2020,155.82,"3,663.46"
12/14/2020,157.85,"3,647.49"
12/15/2020,158.26,"3,694.62"
12/16/2020,162.05,"3,701.17"
12/17/2020,161.8,"3,722.48"
12/18/2020,160.08,"3,709.41"
12/21/2020,160.31,"3,694.92"
12/22/2020,160.33,"3,687.26"
12/23/2020,159.26,"3,690.01"
12/24/2020,158.63,"3,703.06"
12/28/2020,164.2,"3,735.36"
12/29/2020,166.1,"3,727.04"
12/30/2020,164.29,"3,732.04"
12/31/2020,162.85,"3,756.07"
01/04/2021,159.33,"3,700.65"
01/05/2021,160.93,"3,726.86"
01/06/2021,156.92,"3,748.14"
01/07/2021,158.11,"3,803.79"
01/08/2021,159.13,"3,824.68"
01/11/2021,155.71,"3,799.61"
01/12/2021,156.04,"3,801.19"
01/13/2021,158.29,"3,809.84"
01/14/2021,156.37,"3,795.54"
01/15/2021,155.21,"3,768.25"
01/19/2021,156.04,"3,798.91"
01/20/2021,163.17,"3,851.85"
01/21/2021,165.35,"3,853.07"
01/22/2021,164.61,"3,841.47"
01/25/2021,164.7,"3,855.36"
01/26/2021,166.31,"3,849.62"
01/27/2021,161.63,"3,750.77"
01/28/2021,161.88,"3,787.38"
01/29/2021,160.31,"3,714.24"
02/01/2021,167.14,"3,773.86"
02/02/2021,169,"3,826.31"
02/03/2021,165.63,"3,830.17"
02/04/2021,166.55,"3,871.74"
02/05/2021,167.61,"3,886.83"
02/08/2021,166.15,"3,915.59"
02/09/2021,165.25,"3,911.23"
02/10/2021,164.33,"3,909.88"
02/11/2021,163.11,"3,916.38"
02/12/2021,163.89,"3,934.83"
02/16/2021,163.45,"3,932.59"
02/17/2021,165.43,"3,931.33"
02/18/2021,166.41,"3,913.97"
02/19/2021,162.49,"3,906.71"
02/22/2021,159.04,"3,876.50"
02/23/2021,159.73,"3,881.37"
02/24/2021,157.98,"3,925.43"
02/25/2021,152.86,"3,829.34"
02/26/2021,154.65,"3,811.15"
03/01/2021,157.31,"3,901.82"
03/02/2021,154.73,"3,870.29"
03/03/2021,150.25,"3,819.72"
03/04/2021,148.88,"3,768.47"
03/05/2021,150.02,"3,841.94"
03/08/2021,147.6,"3,821.35"
03/09/2021,153.14,"3,875.44"
03/10/2021,152.88,"3,898.81"
03/11/2021,155.68,"3,939.34"
03/12/2021,154.47,"3,943.34"
03/15/2021,154.08,"3,968.94"
03/16/2021,154.59,"3,962.71"
03/17/2021,156.79,"3,974.12"
03/18/2021,151.4,"3,915.46"
03/19/2021,153.75,"3,913.10"
03/22/2021,155.54,"3,940.59"
03/23/2021,156.88,"3,910.52"
03/24/2021,154.35,"3,889.14"
03/25/2021,152.31,"3,909.52"
03/26/2021,152.6,"3,974.54"
03/29/2021,153.79,"3,971.09"
03/30/2021,152.76,"3,958.55"
03/31/2021,154.7,"3,972.89"
04/01/2021,158.05,"4,019.87"
04/05/2021,161.34,"4,077.91"
04/06/2021,161.19,"4,073.94"
04/07/2021,163.97,"4,079.95"
04/08/2021,164.96,"4,097.17"
04/09/2021,168.61,"4,128.80"
04/12/2021,168.97,"4,127.99"
04/13/2021,170,"4,141.59"
04/14/2021,166.65,"4,124.66"
04/15/2021,168.95,"4,170.42"
04/16/2021,169.97,"4,185.47"
04/19/2021,168.6,"4,163.26"
04/20/2021,166.73,"4,134.94"
04/21/2021,168.1,"4,173.42"
04/22/2021,165.45,"4,134.98"
04/23/2021,167.04,"4,180.17"
04/26/2021,170.45,"4,187.62"
04/27/2021,170.87,"4,186.72"
04/28/2021,172.93,"4,183.18"
04/29/2021,173.57,"4,211.47"
04/30/2021,173.37,"4,181.17"
05/03/2021,169.32,"4,192.66"
05/04/2021,165.59,"4,164.66"
05/05/2021,163.53,"4,167.59"
05/06/2021,165.32,"4,201.62"
05/07/2021,164.58,"4,232.60"
05/10/2021,159.52,"4,188.43"
05/11/2021,161.2,"4,152.10"
05/12/2021,157.6,"4,063.04"
05/13/2021,158.07,"4,112.50"
05/14/2021,161.15,"4,173.85"
05/17/2021,163.52,"4,163.29"
05/18/2021,161.61,"4,127.83"
05/19/2021,161.59,"4,115.68"
05/20/2021,162.38,"4,159.12"
05/21/2021,160.15,"4,155.86"
05/24/2021,162.25,"4,197.05"
05/25/2021,162.95,"4,188.13"
05/26/2021,163.26,"4,195.99"
05/27/2021,161.51,"4,200.88"
05/28/2021,161.15,"4,204.11"
06/01/2021,160.93,"4,202.04"
06/02/2021,161.7,"4,208.12"
06/03/2021,159.35,"4,192.85"
06/04/2021,160.31,"4,229.89"
06/07/2021,159.9,"4,226.52"
06/08/2021,163.21,"4,227.26"
06/09/2021,164.06,"4,219.55"
06/10/2021,167.48,"4,239.18"
06/11/2021,167.34,"4,247.44"
06/14/2021,169.19,"4,255.15"
06/15/2021,169.16,"4,246.59"
06/16/2021,170.76,"4,223.70"
06/17/2021,174.46,"4,221.86"
06/18/2021,174.35,"4,166.45"
06/21/2021,172.7,"4,224.79"
06/22/2021,175.27,"4,246.44"
06/23/2021,175.19,"4,241.84"
06/24/2021,172.45,"4,266.49"
06/25/2021,170.07,"4,280.70"
06/28/2021,172.19,"4,290.61"
06/29/2021,172.41,"4,291.80"
06/30/2021,172.01,"4,297.50"
07/01/2021,171.65,"4,319.94"
07/02/2021,175.55,"4,352.34"
07/06/2021,183.79,"4,343.54"
07/07/2021,184.83,"4,358.13"
07/08/2021,186.57,"4,320.82"
07/09/2021,185.97,"4,369.55"
07/12/2021,185.93,"4,384.63"
07/13/2021,183.87,"4,369.21"
07/14/2021,184.08,"4,374.30"
07/15/2021,181.56,"4,360.03"
07/16/2021,178.68,"4,327.16"
07/19/2021,177.48,"4,258.63"
07/20/2021,178.66,"4,323.21"
07/21/2021,179.26,"4,358.69"
07/22/2021,181.9,"4,367.48"
07/23/2021,182.83,"4,411.80"
07/26/2021,184.99,"4,422.23"
07/27/2021,181.32,"4,401.46"
07/28/2021,181.52,"4,400.65"
07/29/2021,180,"4,419.15"
07/30/2021,166.38,"4,395.26"
08/02/2021,166.57,"4,387.11"
08/03/2021,168.31,"4,423.15"
08/04/2021,167.74,"4,402.68"
08/05/2021,168.8,"4,429.10"
08/06/2021,167.25,"4,436.52"
08/09/2021,167.09,"4,432.35"
08/10/2021,166.03,"4,436.75"
08/11/2021,164.61,"4,447.70"
08/12/2021,165.18,"4,460.84"
08/13/2021,164.7,"4,468.00"
08/16/2021,164.95,"4,479.66"
08/17/2021,162.1,"4,448.08"
08/18/2021,160.06,"4,400.27"
08/19/2021,159.39,"4,405.80"
08/20/2021,160,"4,441.67"
08/23/2021,163.29,"4,479.54"
08/24/2021,165.29,"4,486.23"
08/25/2021,164.96,"4,496.19"
08/26/2021,165.8,"4,469.91"
08/27/2021,167.48,"4,509.37"
08/30/2021,171.08,"4,528.79"
08/31/2021,173.54,"4,522.68"
09/01/2021,173.95,"4,524.09"
09/02/2021,173.16,"4,536.95"
09/03/2021,173.9,"4,535.43"
09/07/2021,175.46,"4,520.03"
09/08/2021,176.27,"4,514.07"
09/09/2021,174.21,"4,493.28"
09/10/2021,173.46,"4,458.58"
09/13/2021,172.86,"4,468.73"
09/14/2021,172.5,"4,443.05"
09/15/2021,173.79,"4,480.70"
09/16/2021,174.41,"4,473.76"
09/17/2021,173.13,"4,432.99"
09/20/2021,167.79,"4,357.73"
09/21/2021,167.18,"4,354.18"
09/22/2021,169,"4,395.64"
09/23/2021,170.8,"4,448.98"
09/24/2021,171.28,"4,455.48"
09/27/2021,170.29,"4,443.11"
09/28/2021,165.8,"4,352.63"
09/29/2021,165.06,"4,359.46"
09/30/2021,164.25,"4,307.54"
10/01/2021,164.16,"4,357.05"
10/04/2021,159.49,"4,300.46"
10/05/2021,161.05,"4,345.72"
10/06/2021,163.1,"4,363.55"
10/07/2021,165.12,"4,399.76"
10/08/2021,164.43,"4,391.36"
10/11/2021,162.32,"4,361.19"
10/12/2021,162.37,"4,350.64"
10/13/2021,164.21,"4,363.80"
10/14/2021,164.99,"4,438.23"
10/15/2021,170.45,"4,471.37"
10/18/2021,172.34,"4,486.48"
10/19/2021,172.21,"4,519.63"
10/20/2021,170.75,"4,536.19"
10/21/2021,171.75,"4,549.78"
10/22/2021,166.78,"4,544.90"
10/25/2021,166.02,"4,566.48"
10/26/2021,168.8,"4,574.79"
10/27/2021,169.62,"4,551.68"
10/28/2021,172.33,"4,596.42"
10/29/2021,168.62,"4,605.38"
11/01/2021,165.91,"4,613.67"
11/02/2021,165.64,"4,630.65"
11/03/2021,169.2,"4,660.57"
11/04/2021,173.85,"4,680.06"
11/05/2021,175.95,"4,697.53"
11/08/2021,174.45,"4,701.70"
11/09/2021,178.81,"4,685.25"
11/10/2021,174.1,"4,646.71"
11/11/2021,173.63,"4,649.27"
11/12/2021,176.26,"4,682.85"
11/15/2021,177.28,"4,682.81"
11/16/2021,177.04,"4,700.90"
11/17/2021,177.45,"4,688.67"
11/18/2021,184.8,"4,706.64"
11/19/2021,183.83,"4,697.96"
11/22/2021,178.63,"4,682.95"
11/23/2021,179,"4,690.70"
11/24/2021,179.02,"4,701.46"
11/26/2021,175.23,"4,594.62"
11/29/2021,178.08,"4,655.27"
11/30/2021,175.35,"4,567.00"
12/01/2021,172.19,"4,513.04"
12/02/2021,171.87,"4,577.10"
12/03/2021,169.49,"4,538.43"
12/06/2021,171.37,"4,591.67"
12/07/2021,176.16,"4,686.75"
12/08/2021,176.16,"4,701.21"
12/09/2021,174.17,"4,667.45"
12/10/2021,172.21,"4,712.02"
12/13/2021,169.57,"4,669.15"
12/14/2021,169.09,"4,634.09"
12/15/2021,173.32,"4,709.84"
12/16/2021,168.87,"4,668.67"
12/17/2021,170.02,"4,620.64"
12/20/2021,167.08,"4,568.02"
12/21/2021,170.42,"4,649.23"
12/22/2021,171.04,"4,696.56"
12/23/2021,171.07,"4,725.78"
12/27/2021,169.67,"4,791.19"
12/28/2021,170.66,"4,786.36"
12/29/2021,169.2,"4,793.06"
12/30/2021,168.64,"4,778.73"
12/31/2021,166.72,"4,766.18"
01/03/2022,170.4,"4,796.56"
01/04/2022,167.52,"4,793.54"
01/05/2022,164.36,"4,700.58"
01/06/2022,163.25,"4,696.05"
01/07/2022,162.55,"4,677.02"
01/10/2022,161.49,"4,670.29"
01/11/2022,165.36,"4,713.07"
01/12/2022,165.21,"4,726.35"
01/13/2022,161.21,"4,659.02"
01/14/2022,162.14,"4,662.85"
01/18/2022,158.92,"4,577.34"
01/19/2022,156.3,"4,532.76"
01/20/2022,151.67,"4,482.73"
01/21/2022,142.64,"4,397.93"
01/24/2022,144.54,"4,410.13"
01/25/2022,139.99,"4,356.45"
01/26/2022,138.87,"4,349.93"
01/27/2022,139.64,"4,326.50"
01/28/2022,143.98,"4,431.85"
01/31/2022,149.57,"4,515.55"
02/01/2022,151.19,"4,546.54"
02/02/2022,150.61,"4,589.32"
02/03/2022,138.85,"4,477.44"
02/04/2022,157.64,"4,500.54"
02/07/2022,157.94,"4,483.87"
02/08/2022,161.41,"4,521.54"
02/09/2022,161.19,"4,587.18"
02/10/2022,159,"4,504.06"
02/11/2022,153.29,"4,418.64"
02/14/2022,155.17,"4,401.67"
02/15/2022,156.51,"4,471.07"
02/16/2022,158.1,"4,475.01"
02/17/2022,154.65,"4,380.26"
02/18/2022,152.6,"4,348.87"
02/22/2022,150.2,"4,304.74"
02/23/2022,144.83,"4,225.50"
02/24/2022,151.36,"4,288.70"
02/25/2022,153.79,"4,384.62"
02/28/2022,153.56,"4,373.79"
03/01/2022,151.14,"4,306.26"
03/02/2022,152.05,"4,386.54"
03/03/2022,147.9,"4,363.49"
03/04/2022,145.64,"4,328.87"
03/07/2022,137.45,"4,201.09"
03/08/2022,136.01,"4,170.62"
03/09/2022,139.28,"4,277.88"
03/10/2022,146.82,"4,259.52"
03/11/2022,145.52,"4,204.31"
03/14/2022,141.85,"4,173.11"
03/15/2022,147.37,"4,262.45"
03/16/2022,153.1,"4,357.95"
03/17/2022,157.24,"4,411.67"
03/18/2022,161.25,"4,463.09"
03/21/2022,161.49,"4,461.18"
03/22/2022,164.89,"4,511.61"
03/23/2022,163.41,"4,456.23"
03/24/2022,163.65,"4,520.16"
03/25/2022,164.77,"4,543.04"
03/28/2022,168.99,"4,575.52"
03/29/2022,169.32,"4,631.60"
03/30/2022,166.3,"4,602.45"
03/31/2022,163,"4,530.41"
04/01/2022,163.56,"4,545.86"
04/04/2022,168.35,"4,582.64"
04/05/2022,164.05,"4,525.12"
04/06/2022,158.76,"4,481.15"
04/07/2022,157.78,"4,500.21"
04/08/2022,154.46,"4,488.28"
04/11/2022,151.12,"4,412.53"
04/12/2022,150.79,"4,397.45"
04/13/2022,155.54,"4,446.59"
04/14/2022,151.71,"4,392.59"
04/18/2022,152.79,"4,391.69"
04/19/2022,158.12,"4,462.21"
04/20/2022,154,"4,459.45"
04/21/2022,148.3,"4,393.66"
04/22/2022,144.35,"4,271.78"
04/25/2022,146.07,"4,296.12"
04/26/2022,139.39,"4,175.20"
04/27/2022,138.17,"4,183.96"
04/28/2022,144.6,"4,287.50"
04/29/2022,124.28,"4,131.93"
05/02/2022,124.5,"4,155.38"
05/03/2022,124.25,"4,175.48"
05/04/2022,125.93,"4,300.17"
05/05/2022,116.41,"4,152.38"
05/06/2022,114.77,"4,123.34"
05/09/2022,108.79,"3,991.24"
05/10/2022,108.86,"4,001.05"
05/11/2022,105.37,"3,935.18"
05/12/2022,106.93,"3,930.08"
05/13/2022,113.06,"4,023.89"
05/16/2022,110.81,"4,008.01"
05/17/2022,115.37,"4,088.85"
05/18/2022,107.11,"3,923.68"
05/19/2022,107.32,"3,900.79"
05/20/2022,107.59,"3,901.36"
05/23/2022,107.56,"3,973.75"
05/24/2022,104.1,"3,941.48"
05/25/2022,106.78,"3,978.73"
05/26/2022,111.08,"4,057.84"
05/27/2022,115.15,"4,158.24"
05/31/2022,120.21,"4,132.15"
06/01/2022,121.68,"4,101.23"
06/02/2022,125.51,"4,176.82"
06/03/2022,122.35,"4,108.54"
06/06/2022,124.79,"4,121.43"
06/07/2022,123,"4,160.68"
06/08/2022,121.18,"4,115.77"
06/09/2022,116.15,"4,017.82"
06/10/2022,109.65,"3,900.86"
06/13/2022,103.67,"3,749.63"
06/14/2022,102.31,"3,735.48"
06/15/2022,107.67,"3,789.99"
06/16/2022,103.66,"3,666.77"
06/17/2022,106.22,"3,674.84"
06/21/2022,108.68,"3,764.79"
06/22/2022,108.95,"3,759.89"
06/23/2022,112.44,"3,795.73"
06/24/2022,116.46,"3,911.74"
06/27/2022,113.22,"3,900.11"
06/28/2022,107.4,"3,821.55"
06/29/2022,108.92,"3,818.83"
06/30/2022,106.21,"3,785.38"
07/01/2022,109.56,"3,825.33"
07/05/2022,113.5,"3,831.39"
07/06/2022,114.33,"3,845.08"
07/07/2022,116.33,"3,902.62"
07/08/2022,115.54,"3,899.38"
07/11/2022,111.75,"3,854.43"
07/12/2022,109.22,"3,818.80"
07/13/2022,110.4,"3,801.78"
07/14/2022,110.63,"3,790.38"
07/15/2022,113.55,"3,863.16"
07/18/2022,113.76,"3,830.85"
07/19/2022,118.21,"3,936.69"
07/20/2022,122.77,"3,959.90"
07/21/2022,124.63,"3,998.95"
07/22/2022,122.42,"3,961.63"
07/25/2022,121.14,"3,966.84"
07/26/2022,114.81,"3,921.05"
07/27/2022,120.97,"4,023.61"
07/28/2022,122.28,"4,072.43"
07/29/2022,134.95,"4,130.29"
08/01/2022,135.39,"4,118.63"
08/02/2022,134.16,"4,091.19"
08/03/2022,139.52,"4,155.17"
08/04/2022,142.57,"4,151.94"
08/05/2022,140.8,"4,145.19"
08/08/2022,139.41,"4,140.06"
08/09/2022,137.83,"4,122.47"
08/10/2022,142.69,"4,210.24"
08/11/2022,140.64,"4,207.27"
08/12/2022,143.55,"4,280.15"
08/15/2022,143.18,"4,297.14"
08/16/2022,144.78,"4,305.20"
08/17/2022,142.1,"4,274.04"
08/18/2022,142.3,"4,283.74"
08/19/2022,138.23,"4,228.48"
08/22/2022,133.22,"4,137.99"
08/23/2022,133.62,"4,128.73"
08/24/2022,133.8,"4,140.77"
08/25/2022,137.28,"4,199.12"
08/26/2022,130.75,"4,057.66"
08/29/2022,129.79,"4,030.61"
08/30/2022,128.73,"3,986.16"
08/31/2022,126.77,"3,955.00"
09/01/2022,127.82,"3,966.85"
09/02/2022,127.51,"3,924.26"
09/06/2022,126.11,"3,908.19"
09/07/2022,129.48,"3,979.87"
09/08/2022,129.82,"4,006.18"
09/09/2022,133.27,"4,067.36"
09/12/2022,136.45,"4,110.41"
09/13/2022,126.82,"3,932.69"
09/14/2022,128.55,"3,946.01"
09/15/2022,126.28,"3,901.35"
09/16/2022,123.53,"3,873.33"
09/19/2022,124.66,"3,899.89"
09/20/2022,122.19,"3,855.93"
09/21/2022,118.54,"3,789.93"
09/22/2022,117.31,"3,757.99"
09/23/2022,113.78,"3,693.23"
09/26/2022,115.15,"3,655.04"
09/27/2022,114.41,"3,647.29"
09/28/2022,118.01,"3,719.04"
09/29/2022,114.8,"3,640.47"
09/30/2022,113,"3,585.62"
10/03/2022,115.88,"3,678.43"
10/04/2022,121.09,"3,790.93"
10/05/2022,120.95,"3,783.28"
10/06/2022,120.3,"3,744.52"
10/07/2022,114.56,"3,639.66"
10/10/2022,113.67,"3,612.39"
10/11/2022,112.21,"3,588.84"
10/12/2022,112.9,"3,577.03"
10/13/2022,112.53,"3,669.91"
10/14/2022,106.9,"3,583.07"
10/17/2022,113.79,"3,677.95"
10/18/2022,116.36,"3,719.98"
10/19/2022,115.07,"3,695.16"
10/20/2022,115.25,"3,665.78"
10/21/2022,119.32,"3,752.75"
10/24/2022,119.82,"3,797.34"
10/25/2022,120.6,"3,859.11"
10/26/2022,115.66,"3,830.60"
10/27/2022,110.96,"3,807.30"
10/28/2022,103.41,"3,901.06"
10/31/2022,102.44,"3,871.98"
11/01/2022,96.79,"3,856.10"
