date_gsheets,price_googl,price_sp500
01/03/2012 16:00,332.7,1277.06
01/04/2012 16:00,334.14,1277.3
01/05/2012 16:00,329.51,1281.06
01/06/2012 16:00,325.01,1277.81
01/09/2012 16:00,311.23,1280.7
01/10/2012 16:00,311.57,1292.08
01/11/2012 16:00,312.98,1292.48
01/12/2012 16:00,314.82,1295.5
1/13/2012 16:00:00,312.5,1289.09
1/17/2012 16:00:00,314.29,1293.67
1/18/2012 16:00:00,316.45,1308.04
1/19/2012 16:00:00,319.79,1314.5
1/20/2012 16:00:00,293,1315.38
1/23/2012 16:00:00,292.76,1316
1/24/2012 16:00:00,290.46,1314.63
1/25/2012 16:00:00,284.75,1326.06
1/26/2012 16:00:00,284.05,1318.45
1/27/2012 16:00:00,289.99,1316.32
1/30/2012 16:00:00,288.85,1313.02
1/31/2012 16:00:00,290.06,1312.4
02/01/2012 16:00,290.42,1324.08
02/02/2012 16:00,292.56,1325.54
02/03/2012 16:00,298.17,1344.9
02/06/2012 16:00,304.55,1344.33
02/07/2012 16:00,303.39,1347.05
02/08/2012 16:00,304.92,1349.96
02/09/2012 16:00,305.73,1351.95
02/10/2012 16:00,302.95,1342.64
2/13/2012 16:00:00,306.1,1351.77
2/14/2012 16:00:00,304.88,1350.5
2/15/2012 16:00:00,302.78,1343.23
2/16/2012 16:00:00,303.26,1358.04
2/17/2012 16:00:00,302.32,1361.23
2/21/2012 16:00:00,307,1362.21
2/22/2012 16:00:00,303.97,1357.66
2/23/2012 16:00:00,303.06,1363.46
2/24/2012 16:00:00,304.95,1365.74
2/27/2012 16:00:00,304.65,1367.59
2/28/2012 16:00:00,309.2,1372.18
2/29/2012 16:00:00,309.13,1365.68
03/01/2012 16:00,311.2,1374.09
03/02/2012 16:00,310.63,1369.63
03/05/2012 16:00,307.13,1364.33
03/06/2012 16:00,302.48,1343.36
03/07/2012 16:00,303.4,1352.63
03/08/2012 16:00,303.57,1365.91
03/09/2012 16:00,300.13,1370.87
03/12/2012 16:00,302.58,1371.09
3/13/2012 16:00:00,308.89,1395.96
3/14/2012 16:00:00,308,1394.28
3/15/2012 16:00:00,310.57,1402.6
3/16/2012 16:00:00,312.52,1404.17
3/19/2012 16:00:00,316.99,1409.75
3/20/2012 16:00:00,316.75,1405.52
3/21/2012 16:00:00,319.99,1402.89
3/22/2012 16:00:00,323.02,1392.78
3/23/2012 16:00:00,321.3,1397.11
3/26/2012 16:00:00,324.67,1416.51
3/27/2012 16:00:00,323.51,1412.52
3/28/2012 16:00:00,327.88,1405.54
3/29/2012 16:00:00,324.2,1403.28
3/30/2012 16:00:00,320.62,1408.47
04/02/2012 16:00,323.46,1418.9
04/03/2012 16:00,321.31,1413.31
04/04/2012 16:00,317.58,1398.96
04/05/2012 16:00,316.16,1398.08
04/09/2012 16:00,315.42,1382.2
04/10/2012 16:00,313.43,1358.59
04/11/2012 16:00,317.98,1368.71
04/12/2012 16:00,325.51,1387.57
4/13/2012 16:00:00,312.3,1370.26
4/16/2012 16:00:00,303.04,1369.57
4/17/2012 16:00:00,304.79,1390.78
4/18/2012 16:00:00,303.73,1385.14
4/19/2012 16:00:00,299.65,1376.92
4/20/2012 16:00:00,298.03,1378.53
4/23/2012 16:00:00,298.8,1366.94
4/24/2012 16:00:00,300.64,1371.97
4/25/2012 16:00:00,304.86,1390.69
4/26/2012 16:00:00,307.73,1399.98
4/27/2012 16:00:00,307.49,1403.36
4/30/2012 16:00:00,302.42,1397.91
05/01/2012 16:00,302.21,1405.82
05/02/2012 16:00,303.63,1402.31
05/03/2012 16:00,305.51,1391.57
05/04/2012 16:00,298.48,1369.1
05/07/2012 16:00,303.77,1369.58
05/08/2012 16:00,306.39,1363.72
05/09/2012 16:00,304.58,1354.58
05/10/2012 16:00,306.83,1357.99
05/11/2012 16:00,302.61,1353.39
5/14/2012 16:00:00,302,1338.35
5/15/2012 16:00:00,305.56,1330.66
5/16/2012 16:00:00,314.46,1324.8
5/17/2012 16:00:00,311.52,1304.86
5/18/2012 16:00:00,300.2,1295.22
5/21/2012 16:00:00,307.06,1315.99
5/22/2012 16:00:00,300.4,1316.63
5/23/2012 16:00:00,304.73,1318.86
5/24/2012 16:00:00,301.83,1320.68
5/25/2012 16:00:00,295.77,1317.82
5/29/2012 16:00:00,297.17,1332.42
5/30/2012 16:00:00,294.11,1313.32
5/31/2012 16:00:00,290.43,1310.33
06/01/2012 16:00,285.49,1278.04
06/04/2012 16:00,289.3,1278.18
06/05/2012 16:00,285.2,1285.5
06/06/2012 16:00,290.29,1315.13
06/07/2012 16:00,289.11,1314.99
06/08/2012 16:00,290.23,1325.66
06/11/2012 16:00,284.25,1308.93
06/12/2012 16:00,282.55,1324.18
6/13/2012 16:00:00,280.55,1314.88
6/14/2012 16:00:00,279.52,1329.1
6/15/2012 16:00:00,282.26,1342.84
6/18/2012 16:00:00,285.42,1344.78
6/19/2012 16:00:00,290.77,1357.98
6/20/2012 16:00:00,288.76,1355.69
6/21/2012 16:00:00,282.61,1325.51
6/22/2012 16:00:00,285.74,1335.02
6/25/2012 16:00:00,280.35,1313.72
6/26/2012 16:00:00,282.34,1319.99
6/27/2012 16:00:00,284.65,1331.85
6/28/2012 16:00:00,282.15,1329.04
6/29/2012 16:00:00,290.04,1362.16
07/02/2012 16:00,290.23,1365.51
07/03/2012 16:00,293.92,1374.02
07/05/2012 16:00,297.96,1367.58
07/06/2012 16:00,292.99,1354.68
07/09/2012 16:00,293.01,1352.46
07/10/2012 16:00,290.85,1341.47
07/11/2012 16:00,285.6,1341.45
07/12/2012 16:00,285.24,1334.76
7/13/2012 16:00:00,288.26,1356.78
7/16/2012 16:00:00,287.46,1353.64
7/17/2012 16:00:00,288.36,1363.67
7/18/2012 16:00:00,290.38,1372.78
7/19/2012 16:00:00,296.53,1376.51
7/20/2012 16:00:00,305.41,1362.66
7/23/2012 16:00:00,307.76,1350.52
7/24/2012 16:00:00,303.79,1338.31
7/25/2012 16:00:00,304,1337.89
7/26/2012 16:00:00,306.68,1360.02
7/27/2012 16:00:00,317.48,1385.97
7/30/2012 16:00:00,316.15,1385.3
7/31/2012 16:00:00,316.48,1379.32
08/01/2012 16:00,316.34,1375.32
08/02/2012 16:00,314.38,1365
08/03/2012 16:00,320.67,1390.99
08/06/2012 16:00,321.41,1394.23
08/07/2012 16:00,320.27,1401.35
08/08/2012 16:00,321.11,1402.22
08/09/2012 16:00,321.17,1402.8
08/10/2012 16:00,321,1405.87
8/13/2012 16:00:00,330.01,1404.11
8/14/2012 16:00:00,334.33,1403.93
8/15/2012 16:00:00,333.77,1405.53
8/16/2012 16:00:00,336.44,1415.51
8/17/2012 16:00:00,338.57,1418.16
8/20/2012 16:00:00,337.77,1418.13
8/21/2012 16:00:00,334.76,1413.17
8/22/2012 16:00:00,338.59,1413.49
8/23/2012 16:00:00,338.4,1402.08
8/24/2012 16:00:00,339.32,1411.13
8/27/2012 16:00:00,334.61,1410.44
8/28/2012 16:00:00,338.63,1409.3
8/29/2012 16:00:00,344.01,1410.49
8/30/2012 16:00:00,340.84,1399.48
8/31/2012 16:00:00,342.55,1406.58
09/04/2012 16:00,340.52,1404.94
09/05/2012 16:00,340.36,1403.44
09/06/2012 16:00,349.7,1432.12
09/07/2012 16:00,353.08,1437.92
09/10/2012 16:00,350.39,1429.08
09/11/2012 16:00,346.1,1433.56
09/12/2012 16:00,345.44,1436.56
9/13/2012 16:00:00,353.02,1459.99
9/14/2012 16:00:00,354.84,1465.77
9/17/2012 16:00:00,354.99,1461.19
9/18/2012 16:00:00,359.14,1459.32
9/19/2012 16:00:00,363.75,1461.05
9/20/2012 16:00:00,364.06,1460.26
9/21/2012 16:00:00,367,1460.15
9/24/2012 16:00:00,374.69,1456.89
9/25/2012 16:00:00,374.58,1441.59
9/26/2012 16:00:00,376.73,1433.32
9/27/2012 16:00:00,378.25,1447.15
9/28/2012 16:00:00,377.25,1440.67
10/01/2012 16:00,380.89,1444.49
10/02/2012 16:00,378.5,1445.75
10/03/2012 16:00,381.25,1450.99
10/04/2012 16:00,384.03,1461.4
10/05/2012 16:00,383.83,1460.93
10/08/2012 16:00,378.92,1455.88
10/09/2012 16:00,372.05,1441.48
10/10/2012 16:00,372.28,1432.56
10/11/2012 16:00,375.74,1432.84
10/12/2012 16:00,372.38,1428.59
10/15/2012 16:00:00,370.49,1440.13
10/16/2012 16:00:00,372.35,1454.92
10/17/2012 16:00:00,377.75,1460.91
10/18/2012 16:00:00,347.5,1457.34
10/19/2012 16:00:00,340.89,1433.19
10/22/2012 16:00:00,339.33,1433.82
10/23/2012 16:00:00,340.17,1413.11
10/24/2012 16:00:00,338.65,1408.75
10/25/2012 16:00:00,338.88,1412.97
10/26/2012 16:00:00,337.58,1411.94
10/31/2012 16:00:00,340.15,1412.16
11/01/2012 16:00,343.8,1427.59
11/02/2012 16:00,343.96,1414.2
11/05/2012 16:00,341.48,1417.26
11/06/2012 16:00,340.86,1428.39
11/07/2012 16:00,333.56,1394.53
11/08/2012 16:00,326.14,1377.51
11/09/2012 16:00,331.52,1379.85
11/12/2012 16:00,332.95,1380.03
11/13/2012 16:00:00,329.53,1374.53
11/14/2012 16:00:00,326.27,1355.49
11/15/2012 16:00:00,323.63,1353.33
11/16/2012 16:00:00,323.59,1359.88
11/19/2012 16:00:00,334.11,1386.89
11/20/2012 16:00:00,334.98,1384.53
11/21/2012 16:00:00,332.94,1391.03
11/23/2012 13:00:00,333.98,1409.15
11/26/2012 16:00:00,330.58,1406.29
11/27/2012 16:00:00,335.36,1398.94
11/28/2012 16:00:00,341.83,1409.93
11/29/2012 16:00:00,345.95,1415.95
11/30/2012 16:00:00,349.19,1416.18
12/03/2012 16:00,347.63,1409.46
12/04/2012 16:00,345.52,1407.05
12/05/2012 16:00,343.91,1409.28
12/06/2012 16:00,345.57,1413.94
12/07/2012 16:00,342.11,1418.07
12/10/2012 16:00,342.71,1418.55
12/11/2012 16:00,348.44,1427.84
12/12/2012 16:00,348.78,1428.48
12/13/2012 16:00:00,351.35,1419.45
12/14/2012 16:00:00,350.98,1413.58
12/17/2012 16:00:00,360.39,1430.36
12/18/2012 16:00:00,360.54,1446.79
12/19/2012 16:00:00,360.06,1435.81
12/20/2012 16:00:00,361.18,1443.69
12/21/2012 16:00:00,357.82,1430.15
12/24/2012 13:00:00,354.75,1426.66
12/26/2012 16:00:00,354.44,1419.83
12/27/2012 16:00:00,353.14,1418.09
12/28/2012 16:00:00,350.01,1402.43
12/31/2012 16:00:00,353.69,1426.19
01/02/2013 16:00,361.63,1462.42
01/03/2013 16:00,361.83,1459.37
01/04/2013 16:00,368.98,1466.47
01/07/2013 16:00,367.38,1461.89
01/08/2013 16:00,366.65,1457.15
01/09/2013 16:00,369.06,1461.02
01/10/2013 16:00,370.74,1472.12
01/11/2013 16:00,370,1472.05
1/14/2013 16:00:00,361.63,1470.68
1/15/2013 16:00:00,362.47,1472.34
1/16/2013 16:00:00,357.6,1472.63
1/17/2013 16:00:00,355.66,1480.94
1/18/2013 16:00:00,352.26,1485.98
1/22/2013 16:00:00,351.44,1492.56
1/23/2013 16:00:00,370.75,1494.81
1/24/2013 16:00:00,376.92,1494.82
1/25/2013 16:00:00,376.83,1502.96
1/28/2013 16:00:00,375.36,1500.18
1/29/2013 16:00:00,376.84,1507.84
1/30/2013 16:00:00,376.92,1501.96
1/31/2013 16:00:00,377.85,1498.11
02/01/2013 16:00,387.8,1513.17
02/04/2013 16:00,379.51,1495.71
02/05/2013 16:00,382.87,1511.29
02/06/2013 16:00,385.08,1512.12
02/07/2013 16:00,386.98,1509.39
02/08/2013 16:00,392.69,1517.93
02/11/2013 16:00,391.21,1517.01
02/12/2013 16:00,390.35,1519.43
2/13/2013 16:00:00,391.43,1520.33
2/14/2013 16:00:00,393.91,1521.38
2/15/2013 16:00:00,396.45,1519.79
2/19/2013 16:00:00,403.42,1530.94
2/20/2013 16:00:00,396.23,1511.95
2/21/2013 16:00:00,397.77,1502.42
2/22/2013 16:00:00,399.86,1515.6
2/25/2013 16:00:00,395.39,1487.85
2/26/2013 16:00:00,395.07,1496.94
2/27/2013 16:00:00,399.89,1515.99
2/28/2013 16:00:00,400.6,1514.68
03/01/2013 16:00,403.1,1518.2
03/04/2013 16:00,410.75,1525.2
03/05/2013 16:00,419.3,1539.79
03/06/2013 16:00,415.69,1541.46
03/07/2013 16:00,416.3,1544.26
03/08/2013 16:00,415.76,1551.18
03/11/2013 16:00,417.41,1556.22
03/12/2013 16:00,413.81,1552.48
3/13/2013 16:00:00,412.66,1554.52
3/14/2013 16:00:00,410.77,1563.23
3/15/2013 16:00:00,407.15,1560.7
3/18/2013 16:00:00,403.89,1552.1
3/19/2013 16:00:00,405.66,1548.34
3/20/2013 16:00:00,407.35,1558.71
3/21/2013 16:00:00,405.63,1545.8
3/22/2013 16:00:00,405.16,1556.89
3/25/2013 16:00:00,404.82,1551.69
3/26/2013 16:00:00,406.21,1563.77
3/27/2013 16:00:00,401.33,1562.85
3/28/2013 16:00:00,397.09,1569.19
04/01/2013 16:00,400.6,1562.17
04/02/2013 16:00,406.52,1570.25
04/03/2013 16:00,403.1,1553.69
04/04/2013 16:00,397.54,1559.98
04/05/2013 16:00,391.53,1553.28
04/08/2013 16:00,387.42,1563.07
04/09/2013 16:00,388.83,1568.61
04/10/2013 16:00,395.09,1587.73
04/11/2013 16:00,395.2,1593.37
04/12/2013 16:00,395.03,1588.85
4/15/2013 16:00:00,390.97,1552.36
4/16/2013 16:00:00,396.69,1574.57
4/17/2013 16:00:00,391.28,1552.01
4/18/2013 16:00:00,382.96,1541.61
4/19/2013 16:00:00,399.94,1555.25
4/22/2013 16:00:00,400.06,1562.5
4/23/2013 16:00:00,403.95,1578.78
4/24/2013 16:00:00,406.73,1578.79
4/25/2013 16:00:00,404.55,1585.16
4/26/2013 16:00:00,400.71,1582.24
4/29/2013 16:00:00,409.53,1593.61
4/30/2013 16:00:00,412.29,1597.57
05/01/2013 16:00,410.22,1582.7
05/02/2013 16:00,414.81,1597.59
05/03/2013 16:00,422.86,1614.42
05/06/2013 16:00,430.78,1617.5
05/07/2013 16:00,428.61,1625.96
05/08/2013 16:00,436.82,1632.69
05/09/2013 16:00,435.74,1626.67
05/10/2013 16:00,440.11,1633.7
5/13/2013 16:00:00,438.77,1633.77
5/14/2013 16:00:00,443.55,1650.34
5/15/2013 16:00:00,457.95,1658.78
5/16/2013 16:00:00,451.94,1650.47
5/17/2013 16:00:00,454.59,1666.12
5/20/2013 16:00:00,454.27,1666.29
5/21/2013 16:00:00,453.48,1669.16
5/22/2013 16:00:00,444.71,1655.35
5/23/2013 16:00:00,441.39,1650.51
5/24/2013 16:00:00,436.66,1649.6
5/28/2013 16:00:00,440.64,1660.06
5/29/2013 16:00:00,434.16,1648.36
5/30/2013 16:00:00,435.38,1654.41
5/31/2013 16:00:00,435.61,1630.74
06/03/2013 16:00,433.82,1640.42
06/04/2013 16:00,429.55,1631.38
06/05/2013 16:00,429.85,1608.9
06/06/2013 16:00,432.32,1622.56
06/07/2013 16:00,439.86,1643.38
06/10/2013 16:00,445.11,1642.81
06/11/2013 16:00,439.91,1626.13
06/12/2013 16:00,435.99,1612.52
6/13/2013 16:00:00,438.5,1636.36
6/14/2013 16:00:00,437.52,1626.73
6/17/2013 16:00:00,443.13,1639.04
6/18/2013 16:00:00,450.31,1651.81
6/19/2013 16:00:00,450.34,1628.93
6/20/2013 16:00:00,442.37,1588.19
6/21/2013 16:00:00,440.47,1592.43
6/24/2013 16:00:00,434.89,1573.09
6/25/2013 16:00:00,433.1,1588.03
6/26/2013 16:00:00,436.83,1603.26
6/27/2013 16:00:00,438.54,1613.2
6/28/2013 16:00:00,440.19,1606.28
07/01/2013 16:00,443.94,1614.96
07/02/2013 16:00,441.16,1614.08
07/03/2013 16:00,443.22,1615.41
07/05/2013 16:00,446.75,1631.89
07/08/2013 16:00,452.55,1640.46
07/09/2013 16:00,452.62,1652.32
07/10/2013 16:00,453,1652.62
07/11/2013 16:00,460.12,1675.02
07/12/2013 16:00,461.5,1680.19
7/15/2013 16:00:00,462.35,1682.5
7/16/2013 16:00:00,459.8,1676.26
7/17/2013 16:00:00,459.28,1680.91
7/18/2013 16:00:00,455.34,1689.37
7/19/2013 16:00:00,448.3,1692.09
7/22/2013 16:00:00,455.35,1695.53
7/23/2013 16:00:00,451.9,1692.39
7/24/2013 16:00:00,451.45,1685.94
7/25/2013 16:00:00,443.85,1690.25
7/26/2013 16:00:00,442.67,1691.65
7/29/2013 16:00:00,441.14,1685.33
7/30/2013 16:00:00,445.46,1685.96
7/31/2013 16:00:00,443.88,1685.73
08/01/2013 16:00,452.11,1706.87
08/02/2013 16:00,453.29,1709.67
08/05/2013 16:00,452.5,1707.14
08/06/2013 16:00,448.29,1697.37
08/07/2013 16:00,445.33,1690.91
08/08/2013 16:00,446.33,1697.48
08/09/2013 16:00,445.2,1691.42
08/12/2013 16:00,442.76,1689.47
8/13/2013 16:00:00,440.63,1694.16
8/14/2013 16:00:00,434.91,1685.39
8/15/2013 16:00:00,429.83,1661.32
8/16/2013 16:00:00,428.45,1655.83
8/19/2013 16:00:00,432.83,1646.06
8/20/2013 16:00:00,432.71,1652.35
8/21/2013 16:00:00,434.67,1642.8
8/22/2013 16:00:00,436.86,1656.96
8/23/2013 16:00:00,435.11,1663.5
8/26/2013 16:00:00,433.2,1656.78
8/27/2013 16:00:00,425.08,1630.48
8/28/2013 16:00:00,424.28,1634.96
8/29/2013 16:00:00,427.72,1638.17
8/30/2013 16:00:00,423.45,1632.97
09/03/2013 16:00,430.19,1639.77
09/04/2013 16:00,435.82,1653.08
09/05/2013 16:00,439.78,1655.08
09/06/2013 16:00,439.79,1655.17
09/09/2013 16:00,444.03,1671.71
09/10/2013 16:00,444.33,1683.99
09/11/2013 16:00,448.1,1689.13
09/12/2013 16:00,446.53,1683.42
9/13/2013 16:00:00,444.53,1687.99
9/16/2013 16:00:00,443.88,1697.6
9/17/2013 16:00:00,443.06,1704.76
9/18/2013 16:00:00,451.66,1725.52
9/19/2013 16:00:00,449.2,1722.34
9/20/2013 16:00:00,451.56,1709.91
9/23/2013 16:00:00,443.25,1701.84
9/24/2013 16:00:00,443.42,1697.42
9/25/2013 16:00:00,438.61,1692.77
9/26/2013 16:00:00,439.08,1698.67
9/27/2013 16:00:00,438.2,1691.75
9/30/2013 16:00:00,437.95,1681.55
10/01/2013 16:00,443.5,1695
10/02/2013 16:00,444,1693.87
10/03/2013 16:00,438.05,1678.66
10/04/2013 16:00,436.17,1690.5
10/07/2013 16:00,432.87,1676.12
10/08/2013 16:00,426.83,1655.45
10/09/2013 16:00,427.93,1656.4
10/10/2013 16:00,434.12,1692.56
10/11/2013 16:00,436,1703.2
10/14/2013 16:00:00,438.06,1710.14
10/15/2013 16:00:00,441.01,1698.06
10/16/2013 16:00:00,449.01,1721.54
10/17/2013 16:00:00,444.4,1733.15
10/18/2013 16:00:00,505.7,1744.5
10/21/2013 16:00:00,501.65,1744.66
10/22/2013 16:00:00,503.5,1754.67
10/23/2013 16:00:00,515.7,1746.38
10/24/2013 16:00:00,512.78,1752.07
10/25/2013 16:00:00,507.6,1759.77
10/28/2013 16:00:00,507.5,1762.11
10/29/2013 16:00:00,518.12,1771.95
10/30/2013 16:00:00,515.21,1763.31
10/31/2013 16:00:00,515.29,1756.54
11/01/2013 16:00,513.52,1761.64
11/04/2013 16:00,513.05,1767.93
11/05/2013 16:00,510.76,1762.97
11/06/2013 16:00,511.38,1770.49
11/07/2013 16:00,503.98,1747.15
11/08/2013 16:00,508.02,1770.61
11/11/2013 16:00,505.3,1771.89
11/12/2013 16:00,505.89,1767.69
11/13/2013 16:00:00,516.24,1782
11/14/2013 16:00:00,517.62,1790.62
11/15/2013 16:00:00,516.78,1798.18
11/18/2013 16:00:00,515.78,1791.53
11/19/2013 16:00:00,512.6,1787.87
11/20/2013 16:00:00,511.16,1781.37
11/21/2013 16:00:00,517.03,1795.85
11/22/2013 16:00:00,515.95,1804.76
11/25/2013 16:00:00,522.97,1802.48
11/26/2013 16:00:00,529.21,1802.75
11/27/2013 16:00:00,531.55,1807.23
11/29/2013 16:00:00,529.79,1805.81
12/02/2013 16:00,527.24,1800.9
12/03/2013 16:00,526.63,1795.15
12/04/2013 16:00,529.09,1792.81
12/05/2013 16:00,528.67,1785.03
12/06/2013 16:00,534.93,1805.09
12/09/2013 16:00,539.07,1808.37
12/10/2013 16:00,542.33,1802.62
12/11/2013 16:00,538.65,1782.22
12/12/2013 16:00,534.98,1775.5
12/13/2013 16:00:00,530.4,1775.32
12/16/2013 16:00:00,536.49,1786.54
12/17/2013 16:00:00,534.93,1781
12/18/2013 16:00:00,542.38,1810.65
12/19/2013 16:00:00,543.11,1809.6
12/20/2013 16:00:00,550.31,1818.31
12/23/2013 16:00:00,557.55,1827.99
12/24/2013 16:00:00,555.92,1833.32
12/26/2013 16:00:00,558.73,1842.02
12/27/2013 16:00:00,559.2,1841.4
12/30/2013 16:00:00,554.73,1841.07
12/31/2013 16:00:00,560.36,1848.36
01/02/2014 16:00,556.56,1831.98
01/03/2014 16:00,552.5,1831.37
01/06/2014 16:00,558.66,1826.77
01/07/2014 16:00,569.43,1837.88
01/08/2014 16:00,570.62,1837.49
01/09/2014 16:00,565.12,1838.13
01/10/2014 16:00,565.09,1842.37
1/13/2014 16:00:00,561.49,1819.2
1/14/2014 16:00:00,574.7,1838.88
1/15/2014 16:00:00,574.31,1848.38
1/16/2014 16:00:00,578.11,1845.89
1/17/2014 16:00:00,575.27,1838.7
1/21/2014 16:00:00,581.85,1843.8
1/22/2014 16:00:00,582.51,1844.86
1/23/2014 16:00:00,580.05,1828.46
1/24/2014 16:00:00,561.92,1790.29
1/27/2014 16:00:00,550.62,1781.56
1/28/2014 16:00:00,561.51,1792.5
1/29/2014 16:00:00,553.46,1774.2
1/30/2014 16:00:00,567.7,1794.19
1/31/2014 16:00:00,590.49,1782.59
02/03/2014 16:00,566.72,1741.89
02/04/2014 16:00,569.08,1755.2
02/05/2014 16:00,571.6,1751.64
02/06/2014 16:00,579.98,1773.43
02/07/2014 16:00,588.72,1797.02
02/10/2014 16:00,586.47,1799.84
02/11/2014 16:00,595.09,1819.75
02/12/2014 16:00,593.35,1819.26
2/13/2014 16:00:00,599.95,1829.83
2/14/2014 16:00:00,601.4,1838.63
2/18/2014 16:00:00,605.44,1840.76
2/20/2014 16:00:00,602.05,1839.78
2/21/2014 16:00:00,601.9,1836.25
2/24/2014 16:00:00,606.26,1847.61
2/25/2014 16:00:00,610,1845.12
2/26/2014 16:00:00,610.09,1845.16
2/27/2014 16:00:00,609.61,1854.29
2/28/2014 16:00:00,607.83,1859.45
03/03/2014 16:00,601.35,1845.73
03/04/2014 16:00,607.46,1873.91
03/05/2014 16:00,609.13,1873.81
03/06/2014 16:00,609.8,1877.03
03/07/2014 16:00,607.4,1878.04
03/10/2014 16:00,605.79,1877.17
03/11/2014 16:00,600,1867.63
03/12/2014 16:00,603.65,1868.2
3/13/2014 16:00:00,594.53,1846.34
3/14/2014 16:00:00,586.4,1841.13
3/17/2014 16:00:00,596.05,1858.83
3/18/2014 16:00:00,605.63,1872.25
3/19/2014 16:00:00,599.63,1860.77
3/20/2014 16:00:00,598.58,1872.01
3/21/2014 16:00:00,591.52,1866.4
3/24/2014 16:00:00,578.97,1857.44
3/25/2014 16:00:00,579.36,1865.62
3/26/2014 16:00:00,565.99,1852.56
3/27/2014 16:00:00,557.14,1849.04
3/28/2014 16:00:00,560.08,1857.62
3/31/2014 16:00:00,557.26,1872.34
04/01/2014 16:00,567.45,1885.52
04/02/2014 16:00,567.55,1890.9
04/03/2014 16:00,571.5,1888.77
04/04/2014 16:00,545.25,1865.09
04/07/2014 16:00,540.63,1845.04
04/08/2014 16:00,557.51,1851.96
04/09/2014 16:00,567.04,1872.18
04/10/2014 16:00,546.69,1833.08
04/11/2014 16:00,537.76,1815.69
4/14/2014 16:00:00,545.2,1830.61
4/15/2014 16:00:00,548.7,1842.98
4/16/2014 16:00:00,563.9,1862.31
4/17/2014 16:00:00,543.34,1864.85
4/21/2014 16:00:00,539.37,1871.89
4/22/2014 16:00:00,545.5,1879.55
4/23/2014 16:00:00,537.51,1875.39
4/24/2014 16:00:00,534.44,1878.61
4/25/2014 16:00:00,523.1,1863.4
4/28/2014 16:00:00,522.98,1869.43
4/29/2014 16:00:00,536.33,1878.33
4/30/2014 16:00:00,534.88,1883.95
05/01/2014 16:00,538.53,1883.68
05/02/2014 16:00,533.87,1881.14
05/05/2014 16:00,535.33,1884.66
05/06/2014 16:00,522.57,1867.72
05/07/2014 16:00,518,1878.21
05/08/2014 16:00,520.17,1875.63
05/09/2014 16:00,526.62,1878.48
05/12/2014 16:00,538.43,1896.65
5/13/2014 16:00:00,541.54,1897.45
5/14/2014 16:00:00,534.41,1888.53
5/15/2014 16:00:00,529.12,1870.85
5/16/2014 16:00:00,528.3,1877.86
5/19/2014 16:00:00,538.83,1885.08
5/20/2014 16:00:00,540.39,1872.83
5/21/2014 16:00:00,549.7,1888.03
5/22/2014 16:00:00,555.45,1892.49
5/23/2014 16:00:00,563.8,1900.53
5/27/2014 16:00:00,574.87,1911.91
5/28/2014 16:00:00,570.45,1909.78
5/29/2014 16:00:00,570.56,1920.03
5/30/2014 16:00:00,571.65,1923.57
06/02/2014 16:00,564.34,1924.97
06/03/2014 16:00,554.51,1924.24
06/04/2014 16:00,553.76,1927.88
06/05/2014 16:00,564.93,1940.46
06/06/2014 16:00,566.03,1949.44
06/09/2014 16:00,570.73,1951.27
06/10/2014 16:00,568.3,1950.79
06/11/2014 16:00,567.5,1943.89
06/12/2014 16:00,559.5,1930.11
6/13/2014 16:00:00,560.35,1936.16
6/16/2014 16:00:00,552.3,1937.78
6/17/2014 16:00:00,550.62,1941.99
6/18/2014 16:00:00,560.66,1956.98
6/19/2014 16:00:00,564.99,1959.48
6/20/2014 16:00:00,566.52,1962.87
6/23/2014 16:00:00,574.29,1962.61
6/24/2014 16:00:00,572.54,1949.98
6/25/2014 16:00:00,585.93,1959.53
6/26/2014 16:00:00,584.77,1957.22
6/27/2014 16:00:00,585.69,1960.96
6/30/2014 16:00:00,584.67,1960.23
07/01/2014 16:00,591.49,1973.32
07/02/2014 16:00,590.78,1974.62
07/03/2014 16:00,593.08,1985.44
07/07/2014 16:00,590.76,1977.65
07/08/2014 16:00,578.4,1963.71
07/09/2014 16:00,583.36,1972.83
07/10/2014 16:00,580.04,1964.68
07/11/2014 16:00,586.65,1967.57
7/14/2014 16:00:00,594.26,1977.1
7/15/2014 16:00:00,593.06,1973.28
7/16/2014 16:00:00,590.62,1981.57
7/17/2014 16:00:00,580.82,1958.12
7/18/2014 16:00:00,605.11,1978.22
7/21/2014 16:00:00,598.44,1973.63
7/22/2014 16:00:00,603.57,1983.53
7/23/2014 16:00:00,605.19,1987.01
7/24/2014 16:00:00,603.01,1987.98
7/25/2014 16:00:00,598.08,1978.34
7/28/2014 16:00:00,599.02,1978.91
7/29/2014 16:00:00,593.95,1969.95
7/30/2014 16:00:00,595.44,1970.07
7/31/2014 16:00:00,579.55,1930.67
08/01/2014 16:00,573.6,1925.15
08/04/2014 16:00,582.27,1938.99
08/05/2014 16:00,573.14,1920.21
08/06/2014 16:00,574.49,1920.24
08/07/2014 16:00,571.81,1909.57
08/08/2014 16:00,577.94,1931.59
08/11/2014 16:00,577.25,1936.92
08/12/2014 16:00,572.12,1933.75
8/13/2014 16:00:00,584.56,1946.72
8/14/2014 16:00:00,584.65,1955.18
8/15/2014 16:00:00,583.71,1955.06
8/18/2014 16:00:00,592.7,1971.74
8/19/2014 16:00:00,597.11,1981.6
8/20/2014 16:00:00,595.41,1986.51
8/21/2014 16:00:00,592.42,1992.37
8/22/2014 16:00:00,592.54,1988.4
8/25/2014 16:00:00,590.57,1997.92
8/26/2014 16:00:00,588.12,2000.02
8/27/2014 16:00:00,583,2000.12
8/28/2014 16:00:00,580.32,1996.74
8/29/2014 16:00:00,582.36,2003.37
09/02/2014 16:00,588.63,2002.28
09/03/2014 16:00,589.52,2000.72
09/04/2014 16:00,593.14,1997.65
09/05/2014 16:00,597.78,2007.71
09/08/2014 16:00,601.63,2001.54
09/09/2014 16:00,591.97,1988.44
09/10/2014 16:00,593.42,1995.69
09/11/2014 16:00,591.11,1997.45
09/12/2014 16:00,584.9,1985.54
9/15/2014 16:00:00,581.64,1984.13
9/16/2014 16:00:00,588.78,1998.98
9/17/2014 16:00:00,593.29,2001.57
9/18/2014 16:00:00,597.27,2011.36
9/19/2014 16:00:00,605.4,2010.4
9/22/2014 16:00:00,597.27,1994.29
9/23/2014 16:00:00,591.18,1982.77
9/24/2014 16:00:00,598.42,1998.3
9/25/2014 16:00:00,585.25,1965.99
9/26/2014 16:00:00,587.9,1982.85
9/29/2014 16:00:00,587.81,1977.8
9/30/2014 16:00:00,588.41,1972.29
10/01/2014 16:00,579.63,1946.16
10/02/2014 16:00,580.88,1946.17
10/03/2014 16:00,586.25,1967.9
10/06/2014 16:00,587.78,1964.82
10/07/2014 16:00,574.1,1935.1
10/08/2014 16:00,583.74,1968.89
10/09/2014 16:00,570.81,1928.21
10/10/2014 16:00,555.19,1906.13
10/13/2014 16:00:00,544.75,1874.74
10/14/2014 16:00:00,548.69,1877.7
10/15/2014 16:00:00,540.73,1862.49
10/16/2014 16:00:00,536.92,1862.76
10/17/2014 16:00:00,522.97,1886.76
10/20/2014 16:00:00,532.38,1904.01
10/21/2014 16:00:00,538.03,1941.28
10/22/2014 16:00:00,542.69,1927.11
10/23/2014 16:00:00,553.65,1950.82
10/24/2014 16:00:00,548.9,1964.58
10/27/2014 16:00:00,549.88,1961.63
10/28/2014 16:00:00,558.94,1985.05
10/29/2014 16:00:00,558.45,1982.3
10/30/2014 16:00:00,560.27,1994.65
10/31/2014 16:00:00,567.87,2018.05
11/03/2014 16:00,563.77,2017.81
11/04/2014 16:00,564.19,2012.1
11/05/2014 16:00,555.95,2023.57
11/06/2014 16:00,551.69,2031.21
11/07/2014 16:00,551.82,2031.92
11/10/2014 16:00,558.23,2038.26
11/11/2014 16:00,561.29,2039.68
11/12/2014 16:00,558.25,2038.25
11/13/2014 16:00:00,556.44,2039.33
11/14/2014 16:00:00,555.19,2039.82
11/17/2014 16:00:00,546.64,2041.32
11/18/2014 16:00:00,544.51,2051.8
11/19/2014 16:00:00,547.2,2048.72
11/20/2014 16:00:00,543.76,2052.75
11/21/2014 16:00:00,545.89,2063.5
11/24/2014 16:00:00,547.48,2069.41
11/25/2014 16:00:00,549.23,2067.03
11/26/2014 16:00:00,547.73,2072.83
11/28/2014 16:00:00,549.08,2067.56
12/01/2014 16:00,539.65,2053.44
12/02/2014 16:00,538.59,2066.55
12/03/2014 16:00,536.97,2074.33
12/04/2014 16:00,542.58,2071.92
12/05/2014 16:00,528.08,2075.37
12/08/2014 16:00,530.73,2060.31
12/09/2014 16:00,536.11,2059.82
12/10/2014 16:00,528.04,2026.14
12/11/2014 16:00,532.11,2035.33
12/12/2014 16:00,521.51,2002.33
12/15/2014 16:00:00,515.84,1989.63
12/16/2014 16:00:00,498.16,1972.74
12/17/2014 16:00:00,506.45,2012.89
12/18/2014 16:00:00,514.62,2061.23
12/19/2014 16:00:00,520.04,2070.65
12/22/2014 16:00:00,532.3,2078.54
12/23/2014 16:00:00,538.77,2082.17
12/24/2014 16:00:00,536.93,2081.88
12/26/2014 16:00:00,541.52,2088.77
12/29/2014 16:00:00,537.31,2090.57
12/30/2014 16:00:00,535.28,2080.35
12/31/2014 16:00:00,530.66,2058.9
01/02/2015 16:00,529.55,2058.2
01/05/2015 16:00,519.46,2020.58
01/06/2015 16:00,506.64,2002.61
01/07/2015 16:00,505.15,2025.9
01/08/2015 16:00,506.91,2062.14
01/09/2015 16:00,500.72,2044.81
01/12/2015 16:00,497.06,2028.26
1/13/2015 16:00:00,501.8,2023.03
1/14/2015 16:00:00,505.93,2011.27
1/15/2015 16:00:00,504.01,1992.67
1/16/2015 16:00:00,510.46,2019.42
1/20/2015 16:00:00,509.94,2022.55
1/21/2015 16:00:00,520.39,2032.12
1/22/2015 16:00:00,537.3,2063.15
1/23/2015 16:00:00,541.95,2051.82
1/26/2015 16:00:00,536.72,2057.09
1/27/2015 16:00:00,521.19,2029.55
1/28/2015 16:00:00,512.43,2002.16
1/29/2015 16:00:00,513.23,2021.25
1/30/2015 16:00:00,537.55,1994.99
02/02/2015 16:00,532.2,2020.85
02/03/2015 16:00,533.3,2050.03
02/04/2015 16:00,526.1,2041.51
02/05/2015 16:00,529.83,2062.52
02/06/2015 16:00,533.88,2055.47
02/09/2015 16:00,529.28,2046.74
02/10/2015 16:00,540.16,2068.59
02/11/2015 16:00,538,2068.53
02/12/2015 16:00,546.01,2088.48
2/13/2015 16:00:00,551.16,2096.99
2/17/2015 16:00:00,545.01,2100.34
2/18/2015 16:00:00,542.65,2099.68
2/19/2015 16:00:00,546.45,2097.45
2/20/2015 16:00:00,541.8,2110.3
2/23/2015 16:00:00,535,2109.66
2/24/2015 16:00:00,538.65,2115.48
2/25/2015 16:00:00,547.33,2113.86
2/26/2015 16:00:00,559.29,2110.74
2/27/2015 16:00:00,562.63,2104.5
03/02/2015 16:00,575.02,2117.39
03/03/2015 16:00,578.79,2107.78
03/04/2015 16:00,578.33,2098.53
03/05/2015 16:00,581.43,2101.04
03/06/2015 16:00,572.9,2071.26
03/09/2015 16:00,574.1,2079.43
03/10/2015 16:00,559.85,2044.16
03/11/2015 16:00,555.69,2040.24
03/12/2015 16:00,561.17,2065.95
3/13/2015 16:00:00,553,2053.4
3/16/2015 16:00:00,561.64,2081.19
3/17/2015 16:00:00,557.61,2074.28
3/18/2015 16:00:00,566.16,2099.5
3/19/2015 16:00:00,563.67,2089.27
3/20/2015 16:00:00,564.95,2108.1
3/23/2015 16:00:00,565.37,2104.42
3/24/2015 16:00:00,577.54,2091.5
3/25/2015 16:00:00,567,2061.05
3/26/2015 16:00:00,563.64,2056.15
3/27/2015 16:00:00,557.55,2061.02
3/30/2015 16:00:00,561.14,2086.24
3/31/2015 16:00:00,554.7,2067.89
04/01/2015 16:00,549.49,2059.69
04/02/2015 16:00,541.31,2066.96
04/06/2015 16:00,543.95,2080.62
04/07/2015 16:00,544.86,2076.33
04/08/2015 16:00,548.84,2081.9
04/09/2015 16:00,548.02,2091.18
04/10/2015 16:00,548.54,2102.06
4/13/2015 16:00:00,548.64,2092.43
4/14/2015 16:00:00,539.78,2095.84
4/15/2015 16:00:00,541.04,2106.63
4/16/2015 16:00:00,543.52,2104.99
4/17/2015 16:00:00,532.74,2081.18
4/20/2015 16:00:00,544.53,2100.4
4/21/2015 16:00:00,542.92,2097.29
4/22/2015 16:00:00,549.18,2107.96
4/23/2015 16:00:00,557.46,2112.93
4/24/2015 16:00:00,573.66,2117.69
4/27/2015 16:00:00,566.12,2108.92
4/28/2015 16:00:00,564.37,2114.76
4/29/2015 16:00:00,561.39,2106.85
4/30/2015 16:00:00,548.77,2085.51
05/01/2015 16:00,551.16,2108.29
05/04/2015 16:00,552.84,2114.49
05/05/2015 16:00,543.04,2089.46
05/06/2015 16:00,535.08,2080.15
05/07/2015 16:00,542.04,2088
05/08/2015 16:00,548.95,2116.1
05/11/2015 16:00,545.78,2105.33
05/12/2015 16:00,538.73,2099.12
5/13/2015 16:00:00,539.49,2098.48
5/14/2015 16:00:00,549.2,2121.1
5/15/2015 16:00:00,546.49,2122.73
5/18/2015 16:00:00,546.67,2129.2
5/19/2015 16:00:00,549.28,2127.83
5/20/2015 16:00:00,552.51,2125.85
5/21/2015 16:00:00,556.81,2130.82
5/22/2015 16:00:00,554.52,2126.06
5/26/2015 16:00:00,547.19,2104.2
5/27/2015 16:00:00,554.25,2123.48
5/28/2015 16:00:00,554.18,2120.79
5/29/2015 16:00:00,545.32,2107.39
06/01/2015 16:00,549.21,2111.73
06/02/2015 16:00,553.95,2109.6
06/03/2015 16:00,555.29,2114.07
06/04/2015 16:00,551.69,2095.84
06/05/2015 16:00,549.53,2092.83
06/08/2015 16:00,543.48,2079.28
06/09/2015 16:00,542.16,2080.15
06/10/2015 16:00,552.6,2105.2
06/11/2015 16:00,550.04,2108.86
06/12/2015 16:00,547.47,2094.11
6/15/2015 16:00:00,543,2084.43
6/16/2015 16:00:00,544.87,2096.29
6/17/2015 16:00:00,546.6,2100.44
6/18/2015 16:00:00,556.18,2121.24
6/19/2015 16:00:00,557.52,2109.99
6/22/2015 16:00:00,559.68,2122.85
6/23/2015 16:00:00,563.39,2124.2
6/24/2015 16:00:00,558.57,2108.58
6/25/2015 16:00:00,557.95,2102.31
6/26/2015 16:00:00,553.06,2101.49
6/29/2015 16:00:00,541.25,2057.64
6/30/2015 16:00:00,540.04,2063.11
07/01/2015 16:00,543.3,2077.42
07/02/2015 16:00,547.34,2076.78
07/06/2015 16:00,545.62,2068.76
07/07/2015 16:00,550.03,2081.34
07/08/2015 16:00,541.7,2046.68
07/09/2015 16:00,544.65,2051.31
07/10/2015 16:00,556.11,2076.62
7/13/2015 16:00:00,571.73,2099.6
7/14/2015 16:00:00,584.18,2108.95
7/15/2015 16:00:00,583.96,2107.4
7/16/2015 16:00:00,601.78,2124.29
7/17/2015 16:00:00,699.62,2126.64
7/20/2015 16:00:00,692.84,2128.28
7/21/2015 16:00:00,695.35,2119.21
7/22/2015 16:00:00,695.1,2114.15
7/23/2015 16:00:00,674.73,2102.15
7/24/2015 16:00:00,654.77,2079.65
7/27/2015 16:00:00,658.27,2067.64
7/28/2015 16:00:00,659.66,2093.25
7/29/2015 16:00:00,661.43,2108.57
7/30/2015 16:00:00,664.56,2108.63
7/31/2015 16:00:00,657.5,2103.84
08/03/2015 16:00,664.72,2098.04
08/04/2015 16:00,661.28,2093.32
08/05/2015 16:00,673.29,2099.84
08/06/2015 16:00,670.15,2083.56
08/07/2015 16:00,664.39,2077.57
08/10/2015 16:00,663.14,2104.18
08/11/2015 16:00,690.3,2084.07
08/12/2015 16:00,691.47,2086.05
8/13/2015 16:00:00,686.51,2083.39
8/14/2015 16:00:00,689.37,2091.54
8/17/2015 16:00:00,694.11,2102.44
8/18/2015 16:00:00,688.73,2096.92
8/19/2015 16:00:00,694.04,2079.61
8/20/2015 16:00:00,679.48,2035.73
8/21/2015 16:00:00,644.03,1970.89
8/24/2015 16:00:00,618.11,1893.21
8/25/2015 16:00:00,612.47,1867.61
8/26/2015 16:00:00,659.74,1940.51
8/27/2015 16:00:00,667.96,1987.66
8/28/2015 16:00:00,659.69,1988.87
8/31/2015 16:00:00,647.82,1972.18
09/01/2015 16:00,629.56,1913.85
09/02/2015 16:00,644.91,1948.86
09/03/2015 16:00,637.05,1951.13
09/04/2015 16:00,628.96,1921.22
09/08/2015 16:00,643.88,1969.41
09/09/2015 16:00,643.41,1942.04
09/10/2015 16:00,651.08,1952.29
09/11/2015 16:00,655.3,1961.05
9/14/2015 16:00:00,652.47,1953.03
9/15/2015 16:00:00,665.07,1978.09
9/16/2015 16:00:00,665.52,1995.31
9/17/2015 16:00:00,671.67,1990.2
9/18/2015 16:00:00,660.92,1958.03
9/21/2015 16:00:00,666.98,1966.97
9/22/2015 16:00:00,653.2,1942.74
9/23/2015 16:00:00,653.29,1938.76
9/24/2015 16:00:00,654.91,1932.24
9/25/2015 16:00:00,640.15,1931.34
9/28/2015 16:00:00,624.25,1881.77
9/29/2015 16:00:00,622.61,1884.09
9/30/2015 16:00:00,638.37,1920.03
10/01/2015 16:00,642,1923.82
10/02/2015 16:00,656.99,1951.36
10/05/2015 16:00,671.68,1987.05
10/06/2015 16:00,671.64,1979.92
10/07/2015 16:00,670,1995.83
10/08/2015 16:00,667,2013.43
10/09/2015 16:00,671.24,2014.89
10/12/2015 16:00,676.43,2017.46
10/13/2015 16:00:00,683.17,2003.69
10/14/2015 16:00:00,680.41,1994.24
10/15/2015 16:00:00,693.02,2023.86
10/16/2015 16:00:00,695.32,2033.11
10/19/2015 16:00:00,699.95,2033.66
10/20/2015 16:00:00,680,2030.77
10/21/2015 16:00:00,671.8,2018.94
10/22/2015 16:00:00,681.14,2052.51
10/23/2015 16:00:00,719.33,2075.15
10/26/2015 16:00:00,731.12,2071.18
10/27/2015 16:00:00,732.82,2065.89
10/28/2015 16:00:00,736.92,2090.35
10/29/2015 16:00:00,744.85,2089.41
10/30/2015 16:00:00,737.39,2079.36
11/02/2015 16:00,747.74,2104.05
11/03/2015 16:00,748.82,2109.79
11/04/2015 16:00,755.31,2102.31
11/05/2015 16:00,760.67,2099.93
11/06/2015 16:00,761.6,2099.2
11/09/2015 16:00,754.77,2078.58
11/10/2015 16:00,758.26,2081.72
11/11/2015 16:00,765.25,2075
11/12/2015 16:00,756.53,2045.97
11/13/2015 16:00:00,740.07,2023.04
11/16/2015 16:00:00,750.42,2053.19
11/17/2015 16:00:00,745.98,2050.44
11/18/2015 16:00:00,760.01,2083.58
11/19/2015 16:00:00,759.94,2081.24
11/20/2015 16:00:00,777,2089.17
11/23/2015 16:00:00,776.7,2086.59
11/24/2015 16:00:00,769.63,2089.14
11/25/2015 16:00:00,769.26,2088.87
11/27/2015 16:00:00,771.97,2090.11
11/30/2015 16:00:00,762.85,2080.41
12/01/2015 16:00,783.79,2102.63
12/02/2015 16:00,777.85,2079.51
12/03/2015 16:00,768.2,2049.62
12/04/2015 16:00,779.21,2091.69
12/07/2015 16:00,772.99,2077.07
12/08/2015 16:00,775.14,2063.59
12/09/2015 16:00,762.55,2047.62
12/10/2015 16:00,760.04,2052.23
12/11/2015 16:00,750.42,2012.37
12/14/2015 16:00:00,762.54,2021.94
12/15/2015 16:00:00,760.09,2043.41
12/16/2015 16:00:00,776.59,2073.07
12/17/2015 16:00:00,769.83,2041.89
12/18/2015 16:00:00,756.85,2005.55
12/21/2015 16:00:00,760.8,2021.15
12/22/2015 16:00:00,767.13,2038.97
12/23/2015 16:00:00,768.51,2064.29
12/24/2015 16:00:00,765.84,2060.99
12/28/2015 16:00:00,782.24,2056.5
12/29/2015 16:00:00,793.96,2078.36
12/30/2015 16:00:00,790.3,2063.36
12/31/2015 16:00:00,778.01,2043.94
01/04/2016 16:00,759.44,2012.66
01/05/2016 16:00,761.53,2016.71
01/06/2016 16:00,759.33,1990.26
01/07/2016 16:00,741,1943.09
01/08/2016 16:00,730.91,1922.03
01/11/2016 16:00,733.07,1923.67
01/12/2016 16:00,745.34,1938.68
1/13/2016 16:00:00,719.57,1890.28
1/14/2016 16:00:00,731.39,1921.84
1/15/2016 16:00:00,710.49,1880.33
1/19/2016 16:00:00,719.08,1881.33
1/20/2016 16:00:00,718.56,1859.33
1/21/2016 16:00:00,726.67,1868.99
1/22/2016 16:00:00,745.46,1906.9
1/25/2016 16:00:00,733.62,1877.08
1/26/2016 16:00:00,733.79,1903.63
1/27/2016 16:00:00,717.58,1882.95
1/28/2016 16:00:00,748.3,1893.36
1/29/2016 16:00:00,761.35,1940.24
02/01/2016 16:00,770.77,1939.38
02/02/2016 16:00,780.91,1903.03
02/03/2016 16:00,749.38,1912.53
02/04/2016 16:00,730.03,1915.45
02/05/2016 16:00,703.76,1880.05
02/08/2016 16:00,704.16,1853.44
02/09/2016 16:00,701.02,1852.21
02/10/2016 16:00,706.85,1851.86
02/11/2016 16:00,706.36,1829.08
02/12/2016 16:00,706.89,1864.78
2/16/2016 16:00:00,717.64,1895.58
2/17/2016 16:00:00,731.97,1926.82
2/18/2016 16:00:00,717.51,1917.83
2/19/2016 16:00:00,722.11,1917.78
2/22/2016 16:00:00,729.05,1945.5
2/23/2016 16:00:00,717.29,1921.27
2/24/2016 16:00:00,720.9,1929.8
2/25/2016 16:00:00,729.12,1951.7
2/26/2016 16:00:00,724.86,1948.05
2/29/2016 16:00:00,717.22,1932.23
03/01/2016 16:00,742.17,1978.35
03/02/2016 16:00,739.48,1986.45
03/03/2016 16:00,731.59,1993.4
03/04/2016 16:00,730.22,1999.99
03/07/2016 16:00,712.8,2001.76
03/08/2016 16:00,713.53,1979.26
03/09/2016 16:00,725.41,1989.26
03/10/2016 16:00,732.17,1989.57
03/11/2016 16:00,744.87,2022.19
3/14/2016 16:00:00,750.24,2019.64
3/15/2016 16:00:00,750.57,2015.93
3/16/2016 16:00:00,757.36,2027.22
3/17/2016 16:00:00,758.48,2040.59
3/18/2016 16:00:00,755.41,2049.58
3/21/2016 16:00:00,762.16,2051.6
3/22/2016 16:00:00,760.05,2049.8
3/23/2016 16:00:00,757.56,2036.71
3/24/2016 16:00:00,754.84,2035.94
3/28/2016 16:00:00,753.28,2037.05
3/29/2016 16:00:00,765.89,2055.01
3/30/2016 16:00:00,768.34,2063.95
3/31/2016 16:00:00,762.9,2059.74
04/01/2016 16:00,769.67,2072.78
04/04/2016 16:00,765.12,2066.13
04/05/2016 16:00,758.57,2045.17
04/06/2016 16:00,768.07,2066.66
04/07/2016 16:00,760.12,2041.91
04/08/2016 16:00,759.47,2047.6
04/11/2016 16:00,757.54,2041.99
04/12/2016 16:00,764.32,2061.72
4/13/2016 16:00:00,771.91,2082.42
4/14/2016 16:00:00,775.39,2082.78
4/15/2016 16:00:00,780,2080.73
4/18/2016 16:00:00,787.68,2094.34
4/19/2016 16:00:00,776.25,2100.8
4/20/2016 16:00:00,774.92,2102.4
4/21/2016 16:00:00,780,2091.48
4/22/2016 16:00:00,737.77,2091.58
4/25/2016 16:00:00,742.21,2087.79
4/26/2016 16:00:00,725.37,2091.7
4/27/2016 16:00:00,721.46,2095.15
4/28/2016 16:00:00,705.06,2075.81
4/29/2016 16:00:00,707.88,2065.3
05/02/2016 16:00,714.41,2081.43
05/03/2016 16:00,708.44,2063.37
05/04/2016 16:00,711.37,2051.12
05/05/2016 16:00,714.71,2050.63
05/06/2016 16:00,725.18,2057.14
05/09/2016 16:00,729.13,2058.69
05/10/2016 16:00,739.38,2084.39
05/11/2016 16:00,730.55,2064.46
05/12/2016 16:00,728.07,2064.11
5/13/2016 16:00:00,724.83,2046.61
5/16/2016 16:00:00,730.3,2066.66
5/17/2016 16:00:00,720.19,2047.21
5/18/2016 16:00:00,721.78,2047.63
5/19/2016 16:00:00,715.31,2040.04
5/20/2016 16:00:00,721.71,2052.32
5/23/2016 16:00:00,717.25,2048.04
5/24/2016 16:00:00,733.03,2076.06
5/25/2016 16:00:00,738.1,2090.54
5/26/2016 16:00:00,736.93,2090.1
5/27/2016 16:00:00,747.6,2099.06
5/31/2016 16:00:00,748.85,2096.96
06/01/2016 16:00,748.46,2099.33
06/02/2016 16:00,744.27,2105.26
06/03/2016 16:00,735.86,2099.13
06/06/2016 16:00,730.06,2109.41
06/07/2016 16:00,731.09,2112.13
06/08/2016 16:00,742.93,2119.12
06/09/2016 16:00,742.52,2115.48
06/10/2016 16:00,733.19,2096.07
6/13/2016 16:00:00,731.88,2079.06
6/14/2016 16:00:00,733.25,2075.32
6/15/2016 16:00:00,732.19,2071.5
6/16/2016 16:00:00,724.25,2077.99
6/17/2016 16:00:00,704.25,2071.22
6/20/2016 16:00:00,706.13,2083.25
6/21/2016 16:00:00,708.88,2088.9
6/22/2016 16:00:00,710.47,2085.45
6/23/2016 16:00:00,714.87,2113.32
6/24/2016 16:00:00,685.2,2037.41
6/27/2016 16:00:00,681.14,2000.54
6/28/2016 16:00:00,691.26,2036.09
6/29/2016 16:00:00,695.19,2070.77
6/30/2016 16:00:00,703.53,2098.86
07/01/2016 16:00,710.25,2102.95
07/05/2016 16:00,704.89,2088.55
07/06/2016 16:00,708.97,2099.73
07/07/2016 16:00,707.26,2097.9
07/08/2016 16:00,717.78,2129.9
07/11/2016 16:00,727.2,2137.16
07/12/2016 16:00,732.51,2152.14
7/13/2016 16:00:00,729.48,2152.43
7/14/2016 16:00:00,735.8,2163.75
7/15/2016 16:00:00,735.63,2161.74
7/18/2016 16:00:00,753.2,2166.89
7/19/2016 16:00:00,753.41,2163.78
7/20/2016 16:00:00,757.08,2173.02
7/21/2016 16:00:00,754.41,2165.17
7/22/2016 16:00:00,759.28,2175.03
7/25/2016 16:00:00,757.52,2168.48
7/26/2016 16:00:00,757.65,2169.18
7/27/2016 16:00:00,761.97,2166.58
7/28/2016 16:00:00,765.84,2170.06
7/29/2016 16:00:00,791.34,2173.6
08/01/2016 16:00,800.94,2170.84
08/02/2016 16:00,800.12,2157.03
08/03/2016 16:00,798.92,2163.79
08/04/2016 16:00,797.25,2164.25
08/05/2016 16:00,806.93,2182.87
08/08/2016 16:00,805.23,2180.89
08/09/2016 16:00,807.48,2181.74
08/10/2016 16:00,808.49,2175.49
08/11/2016 16:00,808.2,2185.79
08/12/2016 16:00,807.05,2184.05
8/15/2016 16:00:00,805.96,2190.15
8/16/2016 16:00:00,801.19,2178.15
8/17/2016 16:00:00,805.42,2182.22
8/18/2016 16:00:00,802.75,2187.02
8/19/2016 16:00:00,799.65,2183.87
8/22/2016 16:00:00,796.95,2182.64
8/23/2016 16:00:00,796.59,2186.9
8/24/2016 16:00:00,793.6,2175.44
8/25/2016 16:00:00,791.3,2172.47
8/26/2016 16:00:00,793.22,2169.04
8/29/2016 16:00:00,795.82,2180.38
8/30/2016 16:00:00,791.92,2176.12
8/31/2016 16:00:00,789.85,2170.95
09/01/2016 16:00,791.4,2170.86
09/02/2016 16:00,796.87,2179.98
09/06/2016 16:00,808.02,2186.48
09/07/2016 16:00,807.99,2186.16
09/08/2016 16:00,802.84,2181.3
09/09/2016 16:00,788.48,2127.81
09/12/2016 16:00,798.82,2159.04
9/13/2016 16:00:00,788.72,2127.02
9/14/2016 16:00:00,790.46,2125.77
9/15/2016 16:00:00,801.23,2147.26
9/16/2016 16:00:00,797.97,2139.16
9/19/2016 16:00:00,795.39,2139.12
9/20/2016 16:00:00,799.78,2139.76
9/21/2016 16:00:00,805.03,2163.12
9/22/2016 16:00:00,815.95,2177.18
9/23/2016 16:00:00,814.96,2164.69
9/26/2016 16:00:00,802.65,2146.1
9/27/2016 16:00:00,810.73,2159.93
9/28/2016 16:00:00,810.06,2171.37
9/29/2016 16:00:00,802.64,2151.13
9/30/2016 16:00:00,804.06,2168.27
10/03/2016 16:00,800.38,2161.2
10/04/2016 16:00,802.79,2150.49
10/05/2016 16:00,801.23,2159.73
10/06/2016 16:00,803.08,2160.77
10/07/2016 16:00,800.71,2153.74
10/10/2016 16:00,814.17,2163.66
10/11/2016 16:00,809.57,2136.73
10/12/2016 16:00,811.77,2139.18
10/13/2016 16:00:00,804.08,2132.55
10/14/2016 16:00:00,804.6,2132.98
10/17/2016 16:00:00,806.84,2126.5
10/18/2016 16:00:00,821.49,2139.6
10/19/2016 16:00:00,827.09,2144.29
10/20/2016 16:00:00,821.63,2141.34
10/21/2016 16:00:00,824.06,2141.16
10/24/2016 16:00:00,835.74,2151.33
10/25/2016 16:00:00,828.55,2143.16
10/26/2016 16:00:00,822.1,2139.43
10/27/2016 16:00:00,817.35,2133.04
10/28/2016 16:00:00,819.56,2126.41
10/31/2016 16:00:00,809.9,2126.15
11/01/2016 16:00,805.48,2111.72
11/02/2016 16:00,788.42,2097.94
11/03/2016 16:00,782.19,2088.66
11/04/2016 16:00,781.1,2085.18
11/07/2016 16:00,802.03,2131.52
11/08/2016 16:00,811.98,2139.56
11/09/2016 16:00,805.59,2163.26
11/10/2016 16:00,780.29,2167.48
11/11/2016 16:00,771.75,2164.45
11/14/2016 16:00:00,753.22,2164.2
11/15/2016 16:00:00,775.16,2180.39
11/16/2016 16:00:00,779.98,2176.94
11/17/2016 16:00:00,786.16,2187.12
11/18/2016 16:00:00,775.97,2181.9
11/21/2016 16:00:00,784.8,2198.18
11/22/2016 16:00:00,785,2202.94
11/23/2016 16:00:00,779,2204.72
11/25/2016 16:00:00,780.23,2213.35
11/28/2016 16:00:00,785.79,2201.72
11/29/2016 16:00:00,789.44,2204.66
11/30/2016 16:00:00,775.88,2198.81
12/01/2016 16:00,764.33,2191.08
12/02/2016 16:00,764.46,2191.95
12/05/2016 16:00,778.22,2204.71
12/06/2016 16:00,776.18,2212.23
12/07/2016 16:00,791.47,2241.35
12/08/2016 16:00,795.17,2246.19
12/09/2016 16:00,809.45,2259.53
12/12/2016 16:00,807.9,2256.96
12/13/2016 16:00:00,815.34,2271.72
12/14/2016 16:00:00,817.89,2253.28
12/15/2016 16:00:00,815.65,2262.03
12/16/2016 16:00:00,809.84,2258.07
12/19/2016 16:00:00,812.5,2262.53
12/20/2016 16:00:00,815.2,2270.76
12/21/2016 16:00:00,812.2,2265.18
12/22/2016 16:00:00,809.68,2260.96
12/23/2016 16:00:00,807.8,2263.79
12/27/2016 16:00:00,809.93,2268.88
12/28/2016 16:00:00,804.57,2249.92
12/29/2016 16:00:00,802.88,2249.26
12/30/2016 16:00:00,792.45,2238.83
01/03/2017 16:00,808.01,2257.83
01/04/2017 16:00,807.77,2270.75
01/05/2017 16:00,813.02,2269
01/06/2017 16:00,825.21,2276.98
01/09/2017 16:00,827.18,2268.9
01/10/2017 16:00,826.01,2268.9
01/11/2017 16:00,829.86,2275.32
01/12/2017 16:00,829.53,2270.44
1/13/2017 16:00:00,830.94,2274.64
1/17/2017 16:00:00,827.46,2267.89
1/18/2017 16:00:00,829.02,2271.89
1/19/2017 16:00:00,824.37,2263.69
1/20/2017 16:00:00,828.17,2271.31
1/23/2017 16:00:00,844.43,2265.2
1/24/2017 16:00:00,849.53,2280.07
1/25/2017 16:00:00,858.45,2298.37
1/26/2017 16:00:00,856.98,2296.68
1/27/2017 16:00:00,845.03,2294.69
1/30/2017 16:00:00,823.83,2280.9
1/31/2017 16:00:00,820.19,2278.87
02/01/2017 16:00,815.24,2279.55
02/02/2017 16:00,818.26,2280.85
02/03/2017 16:00,820.13,2297.42
02/06/2017 16:00,821.62,2292.56
02/07/2017 16:00,829.23,2293.08
02/08/2017 16:00,829.88,2294.67
02/09/2017 16:00,830.06,2307.87
02/10/2017 16:00,834.85,2316.1
2/13/2017 16:00:00,838.96,2328.25
2/14/2017 16:00:00,840.03,2337.58
2/15/2017 16:00:00,837.32,2349.25
2/16/2017 16:00:00,842.17,2347.22
2/17/2017 16:00:00,846.55,2351.16
2/21/2017 16:00:00,849.27,2365.38
2/22/2017 16:00:00,851.36,2362.82
2/23/2017 16:00:00,851,2363.81
2/24/2017 16:00:00,847.81,2367.34
2/27/2017 16:00:00,849.67,2369.75
2/28/2017 16:00:00,844.93,2363.64
03/01/2017 16:00,856.75,2395.96
03/02/2017 16:00,849.85,2381.92
03/03/2017 16:00,849.08,2383.12
03/06/2017 16:00,847.27,2375.31
03/07/2017 16:00,851.15,2368.39
03/08/2017 16:00,853.64,2362.98
03/09/2017 16:00,857.84,2364.87
03/10/2017 16:00,861.41,2372.6
3/13/2017 16:00:00,864.58,2373.47
3/14/2017 16:00:00,865.91,2365.45
3/15/2017 16:00:00,868.39,2385.26
3/16/2017 16:00:00,870,2381.38
3/17/2017 16:00:00,872.37,2378.25
3/20/2017 16:00:00,867.91,2373.47
3/21/2017 16:00:00,850.14,2344.02
3/22/2017 16:00:00,849.8,2348.45
3/23/2017 16:00:00,839.65,2345.96
3/24/2017 16:00:00,835.14,2343.98
3/27/2017 16:00:00,838.51,2341.59
3/28/2017 16:00:00,840.63,2358.57
3/29/2017 16:00:00,849.87,2361.13
3/30/2017 16:00:00,849.48,2368.06
3/31/2017 16:00:00,847.8,2362.72
04/03/2017 16:00,856.75,2358.84
04/04/2017 16:00,852.57,2360.16
04/05/2017 16:00,848.91,2352.95
04/06/2017 16:00,845.1,2357.49
04/07/2017 16:00,842.1,2355.54
04/10/2017 16:00,841.7,2357.16
04/11/2017 16:00,839.88,2353.78
04/12/2017 16:00,841.46,2344.93
4/13/2017 16:00:00,840.18,2328.95
4/17/2017 16:00:00,855.13,2349.01
4/18/2017 16:00:00,853.99,2342.19
4/19/2017 16:00:00,856.51,2338.17
4/20/2017 16:00:00,860.08,2355.84
4/21/2017 16:00:00,858.95,2348.69
4/24/2017 16:00:00,878.93,2374.15
4/25/2017 16:00:00,888.84,2388.61
4/26/2017 16:00:00,889.14,2387.45
4/27/2017 16:00:00,891.44,2388.77
4/28/2017 16:00:00,924.52,2384.2
05/01/2017 16:00,932.82,2388.33
05/02/2017 16:00,937.09,2391.17
05/03/2017 16:00,948.45,2388.13
05/04/2017 16:00,954.72,2389.52
05/05/2017 16:00,950.28,2399.29
05/08/2017 16:00,958.69,2399.38
05/09/2017 16:00,956.71,2396.92
05/10/2017 16:00,954.84,2399.63
05/11/2017 16:00,955.89,2394.44
05/12/2017 16:00,955.14,2390.9
5/15/2017 16:00:00,959.22,2402.32
5/16/2017 16:00:00,964.61,2400.67
5/17/2017 16:00:00,942.17,2357.03
5/18/2017 16:00:00,950.5,2365.72
5/19/2017 16:00:00,954.65,2381.73
5/22/2017 16:00:00,964.07,2394.02
5/23/2017 16:00:00,970.55,2398.42
5/24/2017 16:00:00,977.61,2404.39
5/25/2017 16:00:00,991.86,2415.07
5/26/2017 16:00:00,993.27,2415.82
5/30/2017 16:00:00,996.17,2412.91
5/31/2017 16:00:00,987.09,2411.8
06/01/2017 16:00,988.29,2430.06
06/02/2017 16:00,996.12,2439.07
06/05/2017 16:00,1003.88,2436.1
06/06/2017 16:00,996.68,2429.33
06/07/2017 16:00,1001.59,2433.14
06/08/2017 16:00,1004.28,2433.79
06/09/2017 16:00,970.12,2431.77
06/12/2017 16:00,961.81,2429.39
6/13/2017 16:00:00,970.5,2440.35
6/14/2017 16:00:00,967.93,2437.92
6/15/2017 16:00:00,960.18,2432.46
6/16/2017 16:00:00,958.62,2433.15
6/19/2017 16:00:00,975.22,2453.46
6/20/2017 16:00:00,968.99,2437.03
6/21/2017 16:00:00,978.59,2435.61
6/22/2017 16:00:00,976.62,2434.5
6/23/2017 16:00:00,986.09,2438.3
6/26/2017 16:00:00,972.09,2439.07
6/27/2017 16:00:00,948.09,2419.38
6/28/2017 16:00:00,961.01,2440.69
6/29/2017 16:00:00,937.82,2419.7
6/30/2017 16:00:00,929.68,2423.41
07/03/2017 13:00,919.46,2429.01
07/05/2017 16:00,932.26,2432.54
07/06/2017 16:00,927.69,2409.75
07/07/2017 16:00,940.81,2425.18
07/10/2017 16:00,951,2427.43
07/11/2017 16:00,953.53,2425.53
07/12/2017 16:00,967.66,2443.25
7/13/2017 16:00:00,968.85,2447.83
7/14/2017 16:00:00,976.91,2459.27
7/17/2017 16:00:00,975.96,2459.14
7/18/2017 16:00:00,986.95,2460.61
7/19/2017 16:00:00,992.77,2473.83
7/20/2017 16:00:00,992.19,2473.45
7/21/2017 16:00:00,993.84,2472.54
7/24/2017 16:00:00,998.31,2469.91
7/25/2017 16:00:00,969.03,2477.13
7/26/2017 16:00:00,965.31,2477.83
7/27/2017 16:00:00,952.51,2475.42
7/28/2017 16:00:00,958.33,2472.1
7/31/2017 16:00:00,945.5,2470.3
08/01/2017 16:00,946.56,2476.35
08/02/2017 16:00,947.64,2477.57
08/03/2017 16:00,940.3,2472.16
08/04/2017 16:00,945.79,2476.83
08/07/2017 16:00,945.75,2480.91
08/08/2017 16:00,944.19,2474.92
08/09/2017 16:00,940.08,2474.02
08/10/2017 16:00,923.59,2438.21
08/11/2017 16:00,930.09,2441.32
8/14/2017 16:00:00,938.93,2465.84
8/15/2017 16:00:00,938.08,2464.61
8/16/2017 16:00:00,944.27,2468.11
8/17/2017 16:00:00,927.66,2430.01
8/18/2017 16:00:00,926.18,2425.55
8/21/2017 16:00:00,920.87,2428.37
8/22/2017 16:00:00,940.4,2452.51
8/23/2017 16:00:00,942.58,2444.04
8/24/2017 16:00:00,936.89,2438.97
8/25/2017 16:00:00,930.5,2443.05
8/28/2017 16:00:00,928.13,2444.24
8/29/2017 16:00:00,935.75,2446.3
8/30/2017 16:00:00,943.63,2457.59
8/31/2017 16:00:00,955.24,2471.65
09/01/2017 16:00,951.99,2476.55
09/05/2017 16:00,941.48,2457.85
09/06/2017 16:00,942.02,2465.54
09/07/2017 16:00,949.89,2465.1
09/08/2017 16:00,941.41,2461.43
09/11/2017 16:00,943.29,2488.11
09/12/2017 16:00,946.65,2496.48
9/13/2017 16:00:00,950.44,2498.37
9/14/2017 16:00:00,940.13,2495.62
9/15/2017 16:00:00,935.29,2500.23
9/18/2017 16:00:00,929.75,2503.87
9/19/2017 16:00:00,936.86,2506.65
9/20/2017 16:00:00,947.54,2508.24
9/21/2017 16:00:00,947.55,2500.6
9/22/2017 16:00:00,943.26,2502.22
9/25/2017 16:00:00,934.28,2496.66
9/26/2017 16:00:00,937.43,2496.84
9/27/2017 16:00:00,959.9,2507.04
9/28/2017 16:00:00,964.81,2510.06
9/29/2017 16:00:00,973.72,2519.36
10/02/2017 16:00,967.47,2529.12
10/03/2017 16:00,972.08,2534.58
10/04/2017 16:00,966.78,2537.74
10/05/2017 16:00,985.19,2552.07
10/06/2017 16:00,993.64,2549.33
10/09/2017 16:00,992.31,2544.73
10/10/2017 16:00,987.8,2550.64
10/11/2017 16:00,1005.65,2555.24
10/12/2017 16:00,1005.65,2550.93
10/13/2017 16:00:00,1007.87,2553.17
10/16/2017 16:00:00,1009.35,2557.64
10/17/2017 16:00:00,1011,2559.36
10/18/2017 16:00:00,1012.74,2561.26
10/19/2017 16:00:00,1001.84,2562.1
10/20/2017 16:00:00,1005.07,2575.21
10/23/2017 16:00:00,985.54,2564.98
10/24/2017 16:00:00,988.49,2569.13
10/25/2017 16:00:00,991.46,2557.15
10/26/2017 16:00:00,991.42,2560.4
10/27/2017 16:00:00,1033.67,2581.07
10/30/2017 16:00:00,1033.13,2572.83
10/31/2017 16:00:00,1033.04,2575.26
11/01/2017 16:00,1042.6,2579.36
11/02/2017 16:00,1042.97,2579.85
11/03/2017 16:00,1049.99,2587.84
11/06/2017 16:00,1042.68,2591.13
11/07/2017 16:00,1052.39,2590.64
11/08/2017 16:00,1058.29,2594.38
11/09/2017 16:00,1047.72,2584.62
11/10/2017 16:00,1044.15,2582.3
11/13/2017 16:00:00,1041.2,2584.84
11/14/2017 16:00:00,1041.64,2578.87
11/15/2017 16:00:00,1036.41,2564.62
11/16/2017 16:00:00,1048.47,2585.64
11/17/2017 16:00:00,1035.89,2578.85
11/20/2017 16:00:00,1034.66,2582.14
11/21/2017 16:00:00,1050.3,2599.03
11/22/2017 16:00:00,1051.92,2597.08
11/24/2017 13:00:00,1056.52,2602.42
11/27/2017 16:00:00,1072.01,2601.42
11/28/2017 16:00:00,1063.29,2627.04
11/29/2017 16:00:00,1037.38,2626.07
11/30/2017 16:00:00,1036.17,2647.58
12/01/2017 16:00,1025.07,2642.22
12/04/2017 16:00,1011.87,2639.44
12/05/2017 16:00,1019.6,2629.57
12/06/2017 16:00,1032.72,2629.27
12/07/2017 16:00,1044.57,2636.98
12/08/2017 16:00,1049.38,2651.5
12/11/2017 16:00,1051.97,2659.99
12/12/2017 16:00,1048.77,2664.11
12/13/2017 16:00:00,1051.39,2662.85
12/14/2017 16:00:00,1057.47,2652.01
12/15/2017 16:00:00,1072,2675.81
12/18/2017 16:00:00,1085.09,2690.16
12/19/2017 16:00:00,1079.78,2681.47
12/20/2017 16:00:00,1073.56,2679.25
12/21/2017 16:00:00,1070.85,2684.57
12/22/2017 16:00:00,1068.86,2683.34
12/26/2017 16:00:00,1065.85,2680.5
12/27/2017 16:00:00,1060.2,2682.62
12/28/2017 16:00:00,1055.95,2687.54
12/29/2017 16:00:00,1053.4,2673.61